1,98,447,106,500,485,482,487,435
2,89,445,98,499,476,477,477,430
3,91,444,100,497,475,474,476,428
4,90,443,98,497,477,475,478,429
5,90,443,99,497,476,475,477,428
6,89,443,98,497,475,477,477,430
7,90,443,99,497,476,475,478,430
8,89,446,98,500,476,476,478,429
9,91,445,99,498,477,477,479,431
10,90,443,99,496,475,474,477,427
11,89,447,97,501,476,480,477,433
12,89,448,98,501,477,476,478,430
13,90,444,99,498,477,475,478,429
14,90,446,98,499,477,476,478,429
15,89,447,97,501,476,478,478,432
16,89,446,99,499,477,477,479,431
17,90,446,99,499,476,476,477,429
18,90,444,98,498,477,476,478,431
19,88,446,97,499,477,475,478,429
20,90,445,99,499,476,476,478,430
21,91,445,100,498,477,479,479,432
22,91,444,100,498,478,473,479,428
23,90,446,99,500,477,474,478,427
24,92,442,100,495,478,473,479,426
25,91,445,99,499,476,478,478,431
26,90,444,99,498,477,474,478,427
27,90,446,99,498,477,476,479,429
28,92,443,100,496,476,472,477,426
29,91,445,99,498,476,475,478,429
30,91,443,99,496,477,473,478,426
31,89,443,98,496,475,474,477,428
32,90,442,98,496,476,474,478,427
33,90,445,100,499,476,474,478,428
34,90,444,99,497,476,475,477,429
35,90,443,99,497,476,476,478,429
36,90,444,99,498,477,474,478,428
37,91,443,100,497,477,474,478,428
38,89,443,98,496,476,474,478,428
39,89,443,98,497,476,477,478,430
40,89,445,98,498,476,475,478,428
41,90,443,98,496,478,474,479,427
42,90,446,99,500,476,479,478,433
43,89,443,99,496,477,476,478,428
44,90,443,99,496,477,476,478,429
45,89,445,98,500,476,474,477,428
46,90,447,99,500,476,477,478,429
47,89,445,98,498,476,475,477,428
48,92,441,100,494,476,470,477,424
49,90,444,99,497,476,477,479,430
50,89,446,98,498,476,478,478,431
51,91,443,100,496,476,474,478,427
52,89,443,98,497,476,476,478,430
53,90,442,98,496,477,474,479,428
54,90,444,98,499,477,472,479,426
55,90,443,98,497,475,477,477,431
56,90,443,99,496,476,475,478,428
57,90,445,99,498,477,474,478,427
58,90,445,99,499,476,477,478,431
59,91,446,100,499,475,474,477,428
60,90,441,99,495,477,471,478,426
61,90,445,99,498,477,471,477,426
62,88,448,97,501,478,476,479,430
63,90,446,98,499,476,475,477,428
64,90,447,98,500,476,479,478,433
65,90,444,99,497,476,475,478,428
66,90,444,98,497,476,474,477,428
67,90,440,98,494,477,472,478,426
68,89,446,98,499,476,475,478,428
69,89,447,98,500,477,473,478,427
70,90,444,98,497,475,473,477,428
71,89,443,98,496,477,472,478,427
72,89,444,98,497,476,475,478,429
73,89,448,98,501,475,476,477,430
74,91,443,100,496,476,472,477,426
75,90,443,99,496,478,472,479,426
76,89,448,98,501,477,477,479,430
77,90,444,98,498,477,472,478,425
78,90,445,99,499,476,475,478,429
79,90,444,99,497,476,476,477,430
80,88,446,98,500,475,476,476,430
81,90,445,99,498,476,473,477,427
82,90,443,98,496,477,474,478,427
83,90,447,99,502,477,473,478,427
84,90,446,99,500,477,473,479,427
85,88,445,97,499,476,472,478,426
86,90,444,98,497,478,473,479,427
87,88,446,96,500,478,476,479,430
88,89,445,98,498,477,475,479,429
89,87,448,96,500,477,475,478,429
90,89,443,98,496,477,474,478,428
91,91,446,100,500,477,475,478,429
92,90,445,99,498,476,478,478,432
93,89,445,98,498,477,474,478,429
94,90,445,99,498,478,475,479,428
95,90,444,99,498,476,477,478,431
96,90,443,99,497,479,474,480,428
97,89,443,98,497,476,475,478,428
98,90,442,99,496,477,472,478,426
99,89,445,98,498,475,473,476,427
100,90,441,98,494,477,473,478,427
101,87,448,95,502,479,474,479,428
102,90,442,99,496,477,475,479,429
103,90,444,98,498,476,474,477,428
104,90,445,99,499,475,475,477,429
105,91,442,99,496,477,473,478,426
106,90,442,98,496,478,474,479,427
107,90,445,98,499,477,472,478,426
108,92,446,100,499,477,473,478,427
109,90,444,99,498,475,475,478,429
110,89,445,98,499,476,475,477,428
111,90,444,99,497,477,474,478,429
112,88,446,97,499,475,474,476,428
113,89,445,98,499,476,476,477,430
114,91,442,99,496,477,471,479,425
115,87,446,96,499,478,473,479,427
116,89,446,98,500,476,473,476,427
117,90,444,99,498,477,473,477,427
118,90,446,99,499,477,474,478,428
119,89,446,98,500,476,471,477,426
120,89,447,98,500,476,474,477,428
121,90,444,99,498,477,474,478,428
122,90,447,98,501,477,476,478,429
123,90,446,99,499,477,473,478,427
124,89,446,98,499,477,476,479,429
125,89,446,98,500,477,471,478,426
126,90,448,99,501,477,474,479,428
127,89,446,99,499,477,475,478,429
128,89,447,98,501,476,474,478,429
129,90,446,98,500,476,473,477,427
130,88,448,98,502,477,477,478,430
131,90,446,99,499,478,477,479,432
132,88,448,96,501,476,474,477,429
133,89,446,98,500,478,476,479,430
134,89,446,98,499,477,475,478,429
135,90,447,99,499,477,474,477,428
136,88,449,98,502,478,475,479,429
137,89,448,98,500,477,476,478,430
138,88,449,97,503,477,477,478,432
139,87,446,95,500,480,474,480,428
140,90,447,99,501,478,474,479,428
141,88,447,98,500,477,476,478,430
142,90,446,99,500,478,474,479,429
143,89,447,99,501,476,477,478,431
144,89,446,98,499,477,476,479,430
145,88,447,97,501,478,474,479,428
146,88,447,96,500,478,476,479,429
147,89,447,99,500,476,473,478,428
148,90,444,99,497,476,472,478,426
149,88,444,97,498,477,472,478,426
150,88,447,98,500,476,472,478,426
151,90,444,99,497,477,474,478,428
152,90,446,99,499,476,474,478,429
153,89,446,98,500,477,474,478,428
154,90,446,99,499,477,474,478,428
155,87,449,96,502,476,474,477,428
156,90,447,99,501,476,473,477,428
157,88,447,98,500,476,475,477,429
158,90,448,99,501,478,474,479,428
159,90,445,99,499,476,473,478,428
160,88,449,96,503,479,475,479,430
161,89,445,98,499,477,473,478,428
162,90,445,98,500,476,473,478,427
163,89,447,98,500,477,473,479,428
164,89,444,98,497,477,474,478,428
165,89,446,99,499,476,475,478,428
166,90,443,98,497,476,474,478,427
167,90,446,99,499,477,473,478,426
168,90,447,100,500,476,475,478,429
169,90,447,99,500,476,475,478,428
170,90,446,99,500,477,473,479,427
171,90,446,99,500,476,472,478,426
172,89,448,98,503,475,474,477,427
173,90,449,99,504,476,476,478,429
174,90,450,100,504,476,476,478,430
175,88,449,99,504,475,473,478,427
176,90,449,100,504,475,476,477,430
177,88,451,98,505,475,476,478,430
178,89,452,99,506,473,477,475,431
179,89,452,99,508,474,477,476,431
180,88,454,98,508,471,483,475,435
181,90,457,101,512,470,484,473,437
182,90,459,101,514,468,484,472,437
183,89,464,101,519,467,486,472,439
184,91,461,102,516,466,488,473,440
185,90,466,101,521,462,490,469,441
186,90,465,102,520,463,487,469,439
187,90,465,102,520,463,488,469,441
188,92,464,103,520,464,487,471,440
189,89,465,101,520,461,486,467,439
190,89,462,100,518,463,486,470,439
191,89,464,100,519,465,488,473,441
192,90,463,101,519,463,486,469,439
193,89,462,101,518,463,487,470,440
194,89,463,100,518,463,489,469,442
195,89,462,100,518,464,485,471,437
196,88,465,100,521,462,488,469,441
197,88,463,100,519,465,486,472,438
198,90,463,102,519,463,485,470,438
199,89,463,101,518,464,484,470,437
200,91,459,103,516,466,481,473,434
201,89,459,101,516,464,481,470,433
202,90,458,101,513,467,480,473,433
203,88,459,99,514,465,481,471,434
204,89,456,100,511,465,477,470,431
205,90,460,101,516,464,481,469,434
206,90,460,101,516,464,481,469,435
207,91,459,101,515,465,482,470,435
208,89,456,100,512,467,477,472,430
209,91,457,101,512,468,481,474,433
210,90,457,101,513,467,481,472,433
211,91,456,101,511,468,478,473,431
212,90,455,100,511,468,482,473,434
213,92,453,101,509,468,477,473,429
214,90,456,100,511,467,478,472,431
215,91,457,101,511,469,479,474,432
216,91,455,101,511,468,479,472,431
217,91,454,100,509,469,478,474,430
218,91,455,101,510,468,476,472,429
219,91,453,101,508,470,479,474,432
220,90,455,100,510,469,479,472,432
221,90,456,99,511,470,480,473,433
222,90,457,99,511,469,481,473,433
223,91,456,101,511,470,479,474,432
224,91,457,100,512,470,481,474,434
225,91,456,100,511,470,482,475,435
226,92,455,101,509,470,477,473,431
227,90,454,100,509,470,478,474,431
228,92,452,100,507,469,476,473,429
229,91,457,101,512,469,479,473,432
230,91,455,100,509,470,477,473,431
231,92,453,101,507,469,477,473,430
232,93,455,102,509,469,476,472,429
233,91,458,100,513,469,479,473,432
234,91,456,101,511,470,479,474,432
235,90,457,99,512,470,478,474,431
236,90,457,100,512,469,477,472,431
237,91,454,101,509,471,479,476,433
238,92,454,100,507,469,476,473,430
239,90,456,99,511,471,479,475,431
240,90,457,100,511,469,480,473,434
241,90,457,99,511,470,480,474,433
242,90,459,100,513,470,481,474,434
243,89,458,99,513,470,478,473,432
244,89,455,99,509,469,477,472,431
245,88,457,99,512,471,481,475,434
246,90,456,99,511,470,478,473,431
247,89,457,98,512,471,479,476,433
248,89,458,99,512,470,481,474,434
249,90,456,100,510,473,480,477,433
250,90,457,100,512,469,482,473,435
251,92,457,100,511,470,480,474,433
252,90,457,99,512,470,479,473,432
253,90,458,100,513,470,480,473,434
254,91,455,99,510,469,478,473,431
255,91,458,100,512,470,480,474,434
256,89,459,100,514,470,480,473,434
257,90,459,100,513,469,482,473,435
258,90,458,99,512,471,480,475,433
259,90,461,100,515,468,480,471,435
260,90,456,99,511,471,480,475,433
261,89,461,100,516,468,480,471,433
262,90,461,100,516,470,480,474,434
263,90,458,99,513,470,481,474,434
264,90,458,100,512,470,482,474,435
265,91,458,100,513,469,482,473,435
266,90,460,100,515,471,482,475,435
267,90,458,100,512,470,477,473,430
268,89,461,98,515,470,480,473,434
269,90,460,100,514,471,482,475,435
270,89,459,98,513,471,481,475,434
271,89,457,99,512,470,477,473,430
272,89,459,99,513,471,481,475,434
273,91,457,101,512,471,480,475,433
274,89,461,98,515,469,483,473,436
275,89,457,98,512,471,481,474,433
276,90,461,99,516,470,481,473,435
277,89,460,99,515,470,483,473,436
278,90,459,99,514,472,480,475,434
279,89,460,100,515,471,478,474,432
280,90,459,101,514,469,480,473,433
281,90,461,100,516,470,484,474,436
282,90,459,99,514,471,482,475,434
283,90,462,100,516,469,485,473,437
284,89,462,100,518,469,482,473,434
285,91,461,101,516,470,485,474,437
286,91,464,102,519,469,488,474,440
287,90,457,99,513,467,482,471,435
288,89,461,99,516,467,485,471,438
289,90,462,101,517,466,485,470,437
290,92,465,102,520,466,490,470,441
291,91,463,101,519,466,486,470,437
292,91,462,101,518,465,489,470,440
293,91,465,102,521,466,489,470,441
294,90,464,101,520,466,490,471,441
295,91,466,102,523,466,489,471,441
296,90,467,101,524,466,492,471,443
297,91,467,102,523,466,490,470,441
298,90,466,101,523,466,489,471,440
299,90,466,101,523,467,488,472,439
300,90,466,102,523,468,489,473,441
301,91,464,102,521,468,486,472,438
302,90,464,101,520,469,488,473,440
303,91,463,101,520,470,484,473,436
304,91,463,102,520,469,485,473,437
305,90,465,102,521,469,485,474,437
306,92,463,102,520,470,485,475,437
307,89,461,100,517,469,482,473,434
308,90,463,100,519,469,483,473,434
309,90,463,101,519,470,484,474,436
310,90,465,101,521,470,488,473,439
311,90,464,101,520,469,487,473,438
312,89,464,100,521,469,485,473,436
313,89,462,100,517,469,485,472,436
314,91,462,101,517,470,482,473,434
315,89,463,100,518,470,481,473,433
316,90,465,102,520,472,482,475,433
317,90,461,101,516,473,479,477,430
318,89,465,101,520,473,480,476,432
319,90,461,101,517,474,479,477,431
320,90,463,101,518,475,480,477,432
321,91,465,103,520,475,480,477,432
322,90,464,101,520,475,481,477,433
323,91,464,102,519,476,481,479,433
324,92,468,103,522,475,482,477,435
325,91,462,101,517,476,476,479,429
326,92,465,103,520,477,479,479,431
327,90,459,101,514,477,477,480,430
328,91,460,101,515,476,478,478,431
329,91,460,101,515,476,477,479,430
330,92,463,101,517,478,477,479,430
331,93,461,104,516,477,477,479,429
332,91,462,102,517,479,475,481,428
333,91,459,101,514,479,477,481,430
334,94,464,105,520,478,478,480,430
335,92,462,103,517,480,475,482,428
336,91,459,102,514,478,476,480,429
337,93,463,103,518,478,476,479,429
338,93,462,104,516,478,479,479,432
339,93,462,104,516,478,477,479,430
340,93,461,103,515,480,479,482,431
341,94,462,105,517,482,473,484,425
342,91,450,100,506,482,476,482,430
343,92,453,100,509,482,477,483,431
344,93,460,104,516,480,474,482,427
345,91,450,100,507,483,473,483,427
346,90,454,99,510,481,478,482,432
347,91,451,100,506,482,475,483,430
348,93,451,101,507,484,476,484,429
349,90,455,99,511,483,477,484,432
350,92,458,102,513,479,473,480,427
351,92,459,103,516,482,474,482,428
352,93,461,103,516,480,477,482,430
353,90,453,99,508,483,476,484,431
354,93,463,105,518,479,479,481,432
355,93,461,104,516,482,474,483,427
356,93,461,103,516,482,475,484,428
357,91,459,102,514,481,474,483,427
358,92,451,101,507,484,475,484,429
359,92,459,102,513,479,477,482,430
360,92,461,103,516,481,475,482,428
361,93,461,104,517,480,477,482,431
362,93,459,103,514,478,478,480,430
363,91,459,102,514,479,476,481,428
364,92,461,102,516,479,478,481,430
365,92,460,101,514,479,475,480,428
366,91,460,102,516,477,476,479,429
367,91,457,101,513,477,474,479,427
368,92,462,103,517,479,475,480,428
369,92,462,104,516,480,476,483,429
370,93,463,104,518,477,477,478,429
371,90,465,102,519,478,480,481,432
372,91,461,102,518,480,477,482,429
373,92,463,103,518,477,479,480,432
374,92,462,103,517,478,475,480,427
375,92,462,104,517,477,476,479,428
376,91,460,102,516,478,477,479,429
377,91,462,102,517,478,475,479,428
378,91,463,103,519,477,477,479,430
379,91,461,102,517,478,476,480,428
380,90,461,101,517,477,475,480,428
381,92,462,103,517,480,476,482,428
382,90,460,100,515,477,475,479,427
383,91,461,102,516,476,479,478,432
384,90,457,100,513,478,475,481,427
385,91,462,103,517,476,477,478,429
386,91,461,101,517,477,479,478,431
387,90,460,101,515,478,477,480,429
388,91,461,101,516,477,476,478,428
389,91,460,101,515,477,476,479,428
390,91,464,102,519,476,478,479,429
391,92,462,103,518,476,476,479,427
392,90,460,101,515,477,474,479,426
393,91,462,102,517,478,474,480,427
394,91,461,102,517,477,474,479,425
395,90,463,103,519,476,476,478,428
396,91,462,103,519,477,471,479,423
397,90,461,102,518,476,473,478,425
398,91,464,103,520,475,479,477,431
399,91,464,102,519,476,477,479,429
400,92,461,104,518,474,474,476,427
401,91,461,103,517,475,474,478,426
402,92,462,103,518,476,477,480,428
403,92,461,103,518,474,474,476,426
404,92,464,103,520,476,477,479,430
405,93,461,104,517,476,474,478,426
406,91,464,103,519,474,475,476,427
407,90,464,102,520,474,478,476,429
408,91,461,102,517,475,473,478,424
409,91,463,103,520,473,473,476,425
410,89,462,101,518,472,480,476,431
411,90,465,101,520,471,480,472,431
412,92,463,102,519,473,482,475,433
413,90,466,102,522,470,479,473,431
414,92,464,103,521,472,480,474,431
415,91,462,102,519,474,476,476,427
416,91,463,102,519,472,476,474,429
417,90,463,101,519,472,476,475,428
418,91,464,102,520,472,477,475,429
419,90,463,101,520,473,477,475,428
420,91,462,102,518,473,476,475,429
421,92,462,103,518,474,480,477,432
422,90,457,101,514,473,480,477,432
423,91,460,101,516,472,482,475,435
424,90,455,100,511,472,481,475,434
425,90,455,99,511,474,483,478,435
426,89,457,98,513,473,483,477,436
427,92,456,101,511,474,480,477,433
428,90,455,99,510,473,478,477,430
429,88,453,98,509,473,479,476,430
430,90,453,99,508,473,480,477,431
431,89,454,98,511,473,480,477,433
432,88,452,96,507,471,482,475,434
433,89,453,98,507,472,483,476,436
434,90,456,99,511,468,485,472,437
435,90,450,97,505,471,481,475,433
436,90,453,98,509,471,483,475,435
437,90,453,98,509,469,485,473,437
438,89,453,97,509,470,483,473,434
439,88,451,94,506,470,480,473,432
440,86,452,94,508,471,485,476,435
441,89,450,95,504,471,485,476,436
442,86,451,94,507,471,487,477,437
443,89,451,94,506,469,490,474,439
444,87,451,94,506,468,484,473,433
445,89,450,95,505,468,487,473,437
446,86,451,93,506,469,486,474,436
447,85,448,92,503,468,487,473,436
448,87,448,93,502,468,484,472,434
449,87,452,95,508,469,487,474,436
450,89,455,95,510,468,489,473,439
451,87,453,94,507,467,489,471,439
452,87,453,93,507,467,490,471,440
453,86,454,92,509,469,485,474,435
454,85,454,93,508,467,492,472,441
455,88,454,94,508,467,489,472,439
456,86,452,92,506,467,487,472,437
457,88,456,94,510,468,491,473,440
458,86,454,92,508,467,491,472,440
459,86,451,93,506,466,488,471,438
460,87,451,94,505,466,488,471,437
461,87,451,93,505,469,487,473,436
462,87,456,94,511,468,491,473,440
463,87,448,93,503,469,486,473,436
464,87,451,93,506,470,486,475,435
465,88,456,95,510,468,491,473,440
466,88,450,94,505,468,483,472,433
467,85,450,92,505,469,486,474,436
468,88,454,95,508,469,486,473,436
469,87,452,94,507,469,485,473,435
470,87,450,93,504,469,487,473,437
471,86,452,94,507,467,487,472,437
472,87,453,94,508,469,487,474,436
473,87,451,94,505,469,485,474,435
474,87,451,93,505,471,487,476,436
475,86,454,94,509,468,488,474,438
476,87,452,94,506,468,488,473,438
477,88,451,95,505,468,488,472,437
478,87,448,93,502,470,482,474,432
479,88,451,94,505,468,487,474,436
480,88,451,94,505,467,487,473,436
481,88,453,94,508,469,489,474,438
482,89,452,95,506,469,487,474,437
483,85,453,93,507,468,487,472,436
484,88,454,95,509,469,488,474,437
485,87,455,94,509,469,493,476,441
486,87,449,93,504,469,484,473,434
487,88,453,95,508,470,490,475,439
488,87,451,93,505,468,484,472,433
489,86,450,92,504,469,482,474,431
490,87,449,94,503,468,483,473,432
491,88,450,93,504,468,486,472,435
492,87,451,94,506,467,485,471,434
493,87,448,93,502,469,484,473,433
494,85,448,92,502,468,483,472,433
495,85,451,92,506,468,484,471,433
496,85,451,92,506,466,486,471,435
497,86,452,92,506,466,484,472,434
498,85,451,92,505,466,484,470,433
499,86,450,92,504,466,486,471,436
500,85,448,92,502,467,482,471,432
501,85,451,92,506,467,485,472,434
502,84,451,91,504,467,487,472,436
503,86,454,93,508,466,485,471,435
504,86,449,92,503,466,485,471,434
505,84,451,92,505,466,485,471,435
506,85,450,91,504,466,485,470,434
507,85,451,92,506,466,486,470,436
508,86,451,92,505,466,487,470,436
509,85,451,92,506,468,485,472,435
510,85,450,92,505,466,487,472,436
511,85,449,92,503,466,486,471,435
512,85,452,92,507,467,485,472,434
513,87,453,94,507,468,486,471,436
514,87,452,93,506,467,485,472,435
515,86,450,92,506,467,482,472,431
516,86,450,93,505,467,484,472,434
517,87,451,93,506,469,485,473,434
518,86,451,93,507,468,484,472,433
519,88,452,94,507,468,484,472,434
520,88,450,95,505,468,483,473,432
521,87,451,94,506,468,483,472,433
522,86,453,93,508,469,484,473,433
523,87,453,93,508,470,483,474,434
524,86,452,93,506,467,485,471,435
525,87,455,93,511,470,490,474,440
526,87,452,94,507,468,485,472,435
527,87,452,94,507,468,483,472,433
528,87,452,94,507,468,489,473,438
529,87,452,94,508,469,486,473,436
530,86,455,94,511,470,485,473,435
531,87,457,95,512,470,486,474,437
532,87,456,96,512,469,488,473,439
533,87,452,95,509,472,487,476,437
534,86,452,94,509,472,484,476,434
535,87,452,95,509,472,483,476,434
536,87,454,97,512,470,486,476,437
537,87,456,96,513,471,489,475,439
538,88,454,96,511,472,485,476,436
539,89,457,98,514,469,488,473,438
540,89,458,98,515,469,488,473,438
541,89,456,98,513,468,489,472,440
542,90,456,98,512,470,485,475,437
543,90,454,98,510,470,484,473,435
544,90,460,99,517,469,488,474,441
545,90,459,99,516,469,488,473,439
546,90,459,100,515,471,486,474,438
547,91,458,100,514,470,487,474,439
548,90,459,100,515,468,488,472,441
549,90,457,100,512,471,485,474,437
550,90,454,98,509,471,481,474,434
551,91,454,99,510,470,480,473,433
552,91,455,99,510,470,480,473,433
553,91,454,99,508,472,479,474,433
554,90,459,100,513,472,481,474,435
555,90,457,99,511,471,483,474,437
556,91,454,100,508,473,478,475,433
557,90,455,99,509,473,478,475,433
558,91,452,99,506,473,476,475,431
559,91,453,100,507,473,476,475,431
560,90,454,99,508,472,475,474,429
561,90,454,99,508,470,476,472,432
562,90,455,100,508,471,477,474,433
563,89,458,99,512,473,476,474,431
564,91,453,100,506,472,478,474,432
565,91,452,100,506,473,475,475,430
566,92,451,101,505,472,474,474,429
567,91,454,100,507,473,476,476,431
568,90,453,100,506,471,475,473,431
569,91,451,99,505,474,477,476,432
570,92,455,101,508,472,477,475,433
571,91,452,100,505,471,473,473,429
572,90,454,98,507,474,474,475,430
573,92,451,101,504,472,472,475,428
574,92,453,100,506,472,477,474,432
575,92,452,100,505,473,475,475,431
576,93,451,101,504,473,474,475,430
577,92,453,101,505,473,478,476,434
578,92,452,100,505,473,473,475,429
579,92,451,99,504,473,472,474,428
580,90,455,100,509,473,475,474,432
581,92,452,101,505,471,475,474,431
582,91,450,100,502,473,470,475,426
583,91,453,100,507,472,475,475,432
584,90,451,99,505,474,472,475,428
585,90,451,98,505,471,475,472,431
586,91,451,99,505,472,471,474,428
587,88,452,97,506,473,473,474,429
588,89,448,97,502,473,472,475,428
589,92,450,99,504,474,473,475,428
590,92,451,101,505,472,472,474,428
591,89,451,97,504,473,473,474,429
592,91,451,100,505,473,472,475,427
593,89,454,98,508,473,473,474,429
594,88,453,96,507,473,472,474,427
595,91,448,99,502,473,470,475,426
596,90,450,98,504,473,471,474,426
597,91,450,99,503,474,471,474,426
598,91,448,99,502,473,471,474,426
599,91,446,99,500,473,469,474,424
600,90,448,98,502,473,470,474,425
601,92,447,100,500,474,468,475,424
602,92,450,100,503,473,470,474,425
603,93,451,100,504,473,473,474,428
604,89,453,98,507,471,474,473,429
605,92,453,100,506,473,474,474,429
606,92,452,101,506,473,471,474,426
607,91,451,100,504,472,473,474,428
608,91,450,100,503,474,471,475,427
609,91,454,101,507,472,473,474,429
610,91,454,100,508,472,471,473,427
611,88,455,98,509,473,474,475,430
612,90,454,99,508,473,476,475,431
613,90,455,98,508,474,473,474,429
614,91,456,100,510,474,475,476,430
615,89,457,98,510,474,478,476,434
616,92,454,101,508,474,474,476,430
617,91,457,100,510,474,474,475,430
618,93,451,102,505,473,470,475,426
619,93,451,101,505,473,472,475,428
620,92,455,101,509,475,472,476,427
621,91,452,100,505,474,474,476,429
622,89,454,98,508,474,472,475,428
623,91,454,100,507,473,473,475,429
624,92,450,101,503,474,471,476,427
625,92,451,101,505,472,472,475,427
626,91,451,101,505,473,472,475,428
627,91,455,100,510,472,472,474,427
628,90,454,100,507,473,475,474,431
629,92,454,101,508,475,474,476,430
630,91,457,101,511,474,474,476,429
631,92,452,100,506,473,471,475,426
632,92,450,101,504,473,474,476,429
633,91,450,101,503,474,471,476,426
634,92,452,100,506,474,471,476,426
635,92,454,101,507,475,475,477,430
636,91,453,101,506,474,471,476,426
637,92,451,101,504,474,470,475,425
638,90,454,100,508,476,474,478,428
639,89,452,99,506,473,468,475,423
640,92,452,101,505,475,472,476,427
641,89,457,99,511,474,473,476,429
642,91,456,101,509,474,474,476,428
643,89,456,99,510,473,474,476,428
644,92,456,102,511,474,475,476,429
645,91,455,101,509,474,476,476,431
646,91,455,101,510,473,473,475,427
647,89,457,98,512,474,475,475,429
648,91,457,101,512,475,476,477,430
649,91,456,100,511,475,477,477,430
650,91,457,100,512,475,476,477,430
651,91,458,100,513,474,475,476,429
652,91,458,100,514,472,479,474,432
653,90,459,100,515,471,484,475,436
654,91,461,101,516,470,486,474,438
655,90,459,99,515,470,485,474,436
656,90,458,100,514,469,482,473,434
657,89,461,100,517,468,485,471,437
658,91,459,100,515,469,484,473,435
659,90,459,100,515,469,485,473,436
660,90,456,98,512,471,482,473,434
661,90,460,99,516,471,487,475,439
662,89,458,98,514,470,488,473,439
663,89,457,99,513,471,484,474,436
664,89,455,98,511,470,484,473,436
665,89,454,98,511,470,483,473,435
666,89,456,97,512,470,485,474,437
667,90,456,98,511,470,483,473,436
668,88,456,97,511,470,486,473,438
669,89,453,97,508,470,485,472,438
670,89,451,96,506,471,484,475,437
671,90,453,97,508,469,485,473,438
672,89,451,96,507,471,482,474,433
673,90,453,97,508,472,484,475,437
674,89,455,97,509,472,486,476,439
675,90,454,97,510,472,486,476,438
676,88,456,96,511,472,486,475,439
677,88,460,96,514,472,485,475,438
678,88,458,97,513,472,484,475,436
679,88,456,97,511,472,485,476,437
680,88,457,96,512,471,485,475,436
681,88,457,97,513,471,486,474,438
682,88,459,97,515,471,485,474,437
683,88,460,98,516,471,488,474,441
684,89,460,98,515,471,487,473,440
685,89,462,99,517,471,489,473,442
686,88,458,98,514,471,486,473,439
687,89,461,99,515,470,488,473,440
688,88,463,99,518,471,488,474,441
689,90,460,99,516,473,486,476,438
690,88,464,99,518,471,490,474,443
691,90,463,99,518,471,489,474,441
692,89,462,99,517,470,487,473,440
693,88,459,97,514,471,487,475,440
694,89,464,99,519,470,488,473,441
695,89,459,99,516,471,484,474,436
696,90,462,99,517,471,489,474,441
697,89,462,100,518,471,486,473,439
698,90,463,100,518,471,489,474,442
699,90,461,100,517,471,487,474,440
700,89,464,100,520,470,489,473,442
701,89,462,97,518,473,489,476,442
702,89,458,99,515,471,485,474,438
703,89,464,100,520,473,492,476,444
704,90,463,100,518,468,490,471,443
705,89,463,99,518,472,489,475,441
706,89,463,99,519,471,489,474,442
707,90,462,99,517,472,490,475,443
708,89,462,99,518,471,487,474,440
709,89,460,99,516,472,488,475,441
710,89,460,98,516,472,490,475,442
711,89,461,99,517,471,488,474,440
712,89,460,99,515,471,488,474,442
713,89,461,99,517,472,489,475,442
714,89,461,99,517,470,490,473,442
715,90,463,99,519,472,488,475,440
716,89,463,99,519,471,488,474,441
717,91,463,100,518,472,489,475,442
718,89,462,99,517,472,489,475,441
719,90,458,99,514,472,487,474,439
720,90,458,99,515,471,488,474,440
721,89,464,99,519,471,490,474,443
722,89,461,99,517,472,489,475,441
723,90,460,99,517,472,488,475,440
724,90,466,99,521,473,490,476,443
725,89,465,99,521,470,489,473,441
726,89,463,99,519,472,490,475,443
727,89,460,99,516,473,490,476,442
728,90,459,99,515,472,488,476,440
729,89,461,99,517,472,488,475,439
730,90,463,100,519,472,490,475,443
731,90,461,99,517,473,489,477,442
732,90,460,100,516,471,488,475,440
733,90,464,100,520,471,487,474,440
734,90,464,100,520,469,489,473,442
735,89,463,99,519,472,489,476,441
736,89,464,99,520,471,492,474,444
737,90,461,99,517,473,487,475,439
738,89,461,99,516,472,490,475,442
739,89,462,99,519,471,489,475,441
740,89,463,98,519,473,488,476,440
741,90,465,98,521,474,489,477,443
742,90,460,98,516,475,487,478,440
743,89,459,98,514,472,489,475,441
744,90,459,98,516,473,487,476,438
745,87,460,96,516,473,489,477,441
746,88,460,96,517,474,490,477,441
747,88,458,95,516,474,487,477,438
748,88,459,97,516,474,490,478,442
749,88,456,97,513,473,487,476,439
750,88,458,97,516,472,487,476,439
751,89,459,98,517,473,486,477,437
752,89,459,98,517,473,486,476,437
753,89,456,97,514,473,489,477,439
754,89,459,99,518,471,488,475,439
755,91,460,100,518,471,486,475,438
756,90,457,99,515,470,490,474,441
757,89,462,100,521,470,491,473,442
758,88,464,99,522,469,492,473,442
759,90,460,101,518,469,486,473,438
760,91,462,102,519,468,488,473,440
761,90,460,102,517,468,485,474,437
762,90,462,103,520,468,486,474,437
763,89,459,101,516,469,485,475,436
764,89,462,100,519,469,487,475,438
765,91,464,103,520,468,488,474,439
766,91,462,103,518,468,487,475,438
767,91,462,102,518,468,487,474,438
768,90,460,102,516,469,484,474,436
769,91,463,103,519,467,488,472,440
770,92,462,103,517,467,488,474,440
771,93,462,103,517,469,489,474,441
772,91,463,103,518,465,488,470,440
773,92,465,104,519,466,486,471,439
774,93,466,104,521,467,488,472,440
775,92,464,104,518,467,487,472,440
776,92,463,103,518,467,484,471,437
777,91,466,103,520,467,488,471,441
778,92,467,104,521,466,488,469,442
779,92,465,103,519,467,485,472,438
780,93,466,104,521,466,487,470,440
781,92,465,104,519,467,487,472,440
782,93,468,104,521,467,490,471,443
783,92,469,105,522,467,488,471,442
784,92,468,104,521,468,488,472,441
785,91,465,103,519,468,487,471,441
786,92,468,104,521,468,487,471,441
787,92,466,103,520,467,485,472,439
788,91,461,101,515,469,484,472,438
789,90,462,101,515,469,482,472,436
790,91,462,101,516,471,481,474,434
791,91,462,101,516,470,484,474,438
792,92,464,103,518,468,482,472,435
793,89,460,100,515,471,481,474,434
794,89,460,100,514,470,482,474,435
795,91,461,101,516,470,481,474,435
796,90,462,101,517,469,484,473,437
797,93,465,104,521,470,484,473,437
798,91,464,102,519,472,485,475,438
799,91,461,101,515,469,484,472,438
800,91,462,102,516,470,484,474,437
801,92,463,103,517,468,486,471,440
802,91,464,103,518,469,486,473,440
803,91,461,102,516,470,485,474,438
804,91,463,102,517,468,487,472,440
805,92,464,102,517,469,488,473,442
806,91,463,102,517,470,485,473,439
807,92,463,103,517,469,485,473,438
808,92,465,104,519,471,487,475,441
809,94,466,105,520,470,487,474,439
810,92,464,103,518,469,487,473,440
811,94,469,105,522,469,488,473,442
812,93,465,104,519,469,487,473,440
813,91,465,102,519,471,487,475,440
814,94,467,105,521,469,489,473,442
815,92,465,103,518,469,489,473,442
816,94,469,105,523,467,490,472,444
817,93,465,103,519,468,491,472,445
818,91,463,102,517,470,487,475,440
819,93,468,105,522,470,489,475,443
820,92,464,103,519,469,486,473,440
821,94,468,106,521,468,489,472,443
822,93,468,105,521,468,489,473,444
823,93,467,104,520,469,489,473,443
824,92,463,103,517,468,485,473,439
825,94,469,106,523,468,490,472,443
826,92,466,103,520,469,489,473,442
827,91,464,102,518,468,487,472,441
828,92,464,102,518,469,483,473,437
829,93,468,105,521,468,488,472,442
830,92,465,103,518,468,488,473,441
831,93,467,105,521,468,488,472,442
832,93,465,105,519,468,488,472,442
833,92,465,103,519,468,487,472,442
834,91,463,102,517,469,487,473,440
835,92,465,103,518,468,484,471,438
836,92,462,102,516,469,486,473,440
837,92,466,103,520,469,489,473,443
838,93,463,103,516,469,486,472,441
839,93,463,103,517,469,487,473,442
840,92,463,102,517,470,485,474,439
841,91,462,101,515,469,484,473,438
842,92,463,103,517,470,483,474,438
843,91,463,102,516,469,482,474,436
844,92,462,102,516,468,483,472,437
845,91,463,101,517,470,485,475,438
846,91,462,101,516,470,481,474,436
847,91,461,102,515,470,481,474,436
848,91,461,101,515,470,480,475,435
849,90,463,101,517,470,484,475,438
850,91,461,102,515,470,483,474,437
851,92,462,103,517,471,486,475,440
852,92,464,103,518,470,486,476,441
853,92,463,103,517,470,486,475,439
854,93,465,104,519,470,487,476,441
855,93,466,104,520,470,490,476,444
856,93,464,104,519,470,488,476,442
857,92,465,103,519,472,492,478,445
858,93,463,104,519,471,492,477,445
859,92,464,104,519,472,493,479,445
860,92,462,104,518,471,493,478,445
861,92,462,104,518,470,491,477,443
862,92,464,104,521,470,494,476,446
863,93,461,104,518,471,492,478,443
864,94,465,105,522,472,494,479,445
865,94,468,105,525,470,496,476,448
866,94,462,104,519,472,493,478,444
867,94,464,105,522,471,494,477,446
868,94,464,105,522,472,494,479,446
869,94,463,105,519,471,497,478,449
870,94,463,104,521,472,493,479,443
871,94,461,105,519,472,491,477,443
872,93,465,105,522,472,493,477,445
873,94,461,105,519,473,491,480,443
874,94,462,104,519,472,492,477,444
875,94,458,104,516,473,492,479,442
876,95,461,105,518,474,492,480,443
877,94,462,105,520,474,491,479,442
878,95,461,105,518,474,491,479,443
879,94,462,104,519,475,494,480,445
880,94,460,105,518,474,492,480,443
881,94,461,105,519,475,491,481,442
882,94,457,104,514,475,492,480,442
883,94,460,104,517,475,496,482,446
884,94,458,105,514,473,491,479,443
885,93,459,104,515,475,491,481,442
886,94,458,104,516,476,491,482,441
887,94,458,104,515,475,491,481,442
888,94,453,104,510,474,489,480,441
889,94,458,104,516,474,493,480,444
890,94,457,104,513,475,492,481,444
891,94,456,104,512,476,496,484,447
892,94,457,104,512,476,496,483,447
893,94,457,104,513,475,491,482,442
894,94,457,103,512,477,490,482,441
895,94,458,104,512,477,491,483,443
896,94,457,103,513,476,491,481,443
897,95,451,104,507,477,487,483,438
898,94,456,103,512,476,487,480,438
899,94,452,103,508,478,485,483,437
900,93,457,102,513,477,488,482,439
901,94,455,102,510,475,486,481,439
902,93,452,101,507,477,485,481,437
903,92,457,101,512,475,485,480,437
904,92,452,100,507,476,483,480,435
905,92,456,101,510,478,482,482,434
906,93,457,102,511,475,485,480,437
907,93,454,101,508,478,486,482,438
908,93,455,102,509,475,484,480,436
909,92,456,101,510,474,483,479,435
910,91,455,100,509,474,485,479,438
911,94,453,102,506,476,481,481,434
912,92,454,100,508,474,482,479,434
913,93,452,101,505,475,480,479,433
914,94,451,102,505,473,482,478,435
915,92,452,101,506,475,481,480,432
916,94,452,102,506,474,480,478,433
917,95,452,102,506,477,481,481,434
918,93,453,102,506,475,481,479,433
919,93,452,102,506,473,479,478,433
920,90,456,100,509,474,481,478,434
921,95,451,103,504,476,481,481,433
922,90,455,99,508,474,479,478,432
923,94,451,102,505,475,479,479,432
924,95,451,104,504,475,480,480,433
925,92,452,101,506,475,482,480,435
926,91,453,101,507,475,480,479,433
927,94,450,102,503,474,477,478,431
928,94,454,102,506,476,474,479,428
929,94,450,103,504,476,471,479,424
930,91,452,100,506,476,476,480,429
931,94,449,103,503,477,473,480,427
932,95,447,103,501,477,472,479,426
933,95,448,104,502,477,471,480,425
934,93,450,102,503,478,472,481,426
935,96,448,105,501,476,469,479,424
936,91,454,100,507,476,474,479,428
937,94,452,102,505,476,472,479,427
938,89,449,97,504,479,473,482,427
939,95,448,104,501,477,469,480,423
940,94,452,102,505,478,476,480,431
941,93,452,101,506,474,473,477,427
942,95,452,103,505,477,472,480,427
943,94,448,103,502,477,469,481,425
944,95,446,103,501,476,473,478,427
945,93,452,101,507,478,474,481,428
946,94,452,103,507,477,471,479,425
947,94,453,101,507,478,475,481,429
948,95,450,102,505,476,470,478,425
949,94,449,102,504,475,470,478,425
950,94,449,102,504,476,472,479,427
951,95,448,103,503,476,473,479,427
952,94,454,103,510,477,474,480,429
953,94,449,102,504,476,472,479,427
954,93,450,101,507,477,472,479,427
955,94,447,103,502,476,470,479,425
956,93,450,102,506,477,472,480,426
957,94,448,102,504,477,473,480,428
958,92,450,101,506,476,472,478,427
959,93,452,101,507,477,474,480,430
960,92,450,102,507,476,475,478,431
961,93,453,102,509,477,475,480,430
962,93,450,101,506,477,472,479,427
963,92,450,101,507,477,472,480,427
964,93,448,101,504,476,474,479,428
965,93,449,102,505,478,474,481,429
966,93,451,101,508,477,475,480,430
967,93,450,101,506,477,474,480,429
968,93,450,101,507,476,472,480,427
969,90,453,99,509,478,474,481,430
970,91,452,100,509,475,473,478,428
971,92,454,101,511,476,475,480,430
972,92,450,101,507,478,471,481,426
973,91,451,100,508,476,474,479,429
974,92,448,101,504,476,475,479,429
975,90,451,99,508,476,473,479,429
976,92,451,101,508,475,474,478,429
977,92,453,102,509,476,473,480,428
978,93,451,101,507,477,474,480,429
979,92,449,100,506,476,472,479,427
980,92,452,101,508,476,476,480,430
981,92,451,101,508,475,474,479,428
982,91,449,99,505,474,474,477,428
983,90,452,99,508,477,473,481,428
984,89,451,99,507,474,477,478,431
985,89,453,98,509,476,477,480,431
986,91,454,100,510,476,479,480,432
987,92,448,99,504,477,473,480,428
988,92,452,100,507,475,477,479,431
989,90,451,98,506,477,473,481,428
990,92,449,98,505,475,472,478,427
991,92,449,99,504,476,475,480,428
992,91,449,97,502,476,475,479,429
993,92,447,99,501,473,481,478,435
994,91,443,97,497,477,482,482,435
995,91,445,97,499,476,480,480,434
996,91,447,98,501,475,480,479,434
997,89,444,96,499,477,485,482,439
998,93,442,99,497,476,481,480,435
999,92,444,98,498,478,480,482,434
1000,93,444,99,499,475,482,479,436
1001,92,444,98,500,476,478,480,432
1002,96,445,103,501,488,481,490,434
1003,94,444,100,499,475,483,479,437
1004,94,443,100,498,476,488,482,440
1005,94,446,100,502,475,486,480,439
1006,94,449,99,504,475,489,480,441
1007,93,450,100,505,475,486,480,439
1008,94,450,101,506,475,484,479,438
1009,94,453,101,509,475,487,480,440
1010,92,451,100,508,475,487,480,440
1011,93,454,101,511,475,488,480,441
1012,93,456,102,512,473,488,478,441
1013,92,453,101,510,473,487,477,441
1014,92,456,101,514,473,488,478,441
1015,93,457,101,513,475,490,479,442
1016,90,455,98,511,476,484,480,437
1017,91,457,100,513,475,492,480,445
1018,91,457,100,514,473,489,478,441
1019,92,456,100,512,475,489,480,440
1020,91,456,99,513,477,489,482,442
1021,92,456,101,512,473,490,478,442
1022,91,455,101,512,475,489,481,440
1023,92,456,101,513,473,493,478,446
1024,91,458,100,514,471,497,477,448
1025,90,458,99,515,473,491,478,444
1026,91,455,99,512,473,494,479,446
1027,92,457,100,513,473,493,478,445
1028,92,458,101,513,473,496,478,448
1029,90,452,99,509,475,492,481,443
1030,92,451,100,507,474,490,480,442
1031,93,454,100,509,474,490,479,443
1032,93,456,101,512,473,493,478,445
1033,92,455,100,513,472,490,478,441
1034,93,454,100,511,474,490,480,441
1035,91,458,100,516,474,490,479,441
1036,92,454,100,512,475,488,480,440
1037,90,452,98,511,477,487,481,438
1038,91,456,100,514,476,486,480,438
1039,92,461,101,519,474,488,477,440
1040,92,460,101,518,475,491,479,443
1041,91,460,99,518,473,488,478,440
1042,92,460,101,518,473,489,478,441
1043,90,465,99,522,471,491,475,443
1044,91,462,101,519,474,488,477,440
1045,90,463,100,520,471,492,476,443
1046,90,466,99,523,472,493,476,445
1047,90,464,100,521,473,490,477,442
1048,91,465,101,521,474,492,477,444
1049,91,462,101,519,473,491,476,443
1050,91,466,101,522,471,491,473,442
1051,90,459,100,515,473,489,476,441
1052,91,465,102,521,473,489,477,442
1053,91,461,102,518,472,487,476,440
1054,90,461,100,518,471,489,475,440
1055,91,461,100,516,472,487,477,439
1056,90,462,100,518,472,490,476,442
1057,90,461,99,519,472,488,476,440
1058,89,460,99,517,472,485,475,437
1059,90,458,100,514,473,484,477,437
1060,90,461,100,518,474,488,478,439
1061,91,459,101,516,473,488,477,440
1062,90,460,101,517,472,485,476,437
1063,91,459,100,517,472,485,476,437
1064,91,460,100,518,472,487,476,439
1065,90,459,101,516,472,486,476,438
1066,91,460,100,519,473,487,477,439
1067,90,458,101,516,471,485,475,437
1068,90,458,101,514,471,484,475,437
1069,91,457,100,515,472,486,477,438
1070,91,460,101,516,471,489,475,440
1071,91,458,101,514,473,489,478,441
1072,90,457,101,515,473,486,478,437
1073,90,457,100,513,473,487,479,439
1074,90,454,99,512,473,485,479,437
1075,90,457,100,515,471,488,478,440
1076,91,461,102,517,473,489,478,441
1077,91,457,101,514,471,487,477,439
1078,91,459,101,516,470,487,476,439
1079,91,457,101,514,472,486,477,438
1080,90,458,100,515,473,483,479,435
1081,91,458,101,515,472,485,477,437
1082,90,458,100,514,471,484,476,436
1083,90,459,101,516,470,484,475,436
1084,90,457,100,513,472,486,477,438
1085,91,457,100,513,472,487,477,439
1086,91,458,101,514,470,487,475,439
1087,92,456,102,512,473,486,478,438
1088,92,456,102,513,470,485,476,437
1089,91,457,101,513,473,485,478,437
1090,92,457,102,513,471,486,477,438
1091,93,458,103,514,472,488,477,440
1092,92,459,103,515,471,489,477,442
1093,92,459,103,514,470,488,476,441
1094,93,458,103,514,473,489,478,442
1095,92,459,102,514,470,489,476,442
1096,92,460,103,516,471,489,476,442
1097,93,457,103,512,473,488,478,441
1098,92,460,103,514,470,489,475,443
1099,93,458,103,513,473,485,478,438
1100,92,461,103,515,472,490,477,442
1101,92,458,103,513,473,484,477,438
1102,93,457,102,511,472,482,476,436
1103,93,459,103,514,472,484,476,438
1104,93,459,103,514,474,483,478,437
1105,93,458,103,514,474,484,477,437
1106,94,454,103,510,473,479,477,433
1107,93,454,102,510,474,482,478,435
1108,90,455,99,511,473,481,476,435
1109,93,455,102,511,474,482,478,436
1110,92,457,102,512,474,480,478,435
1111,94,461,103,516,475,484,478,439
1112,94,461,104,515,473,484,477,438
1113,94,461,104,516,473,486,476,440
1114,95,462,104,516,473,485,477,440
1115,95,463,105,517,472,485,476,440
1116,94,461,103,516,474,487,478,440
1117,96,466,107,519,473,487,476,443
1118,96,464,106,519,472,485,476,441
1119,95,463,105,517,476,485,480,440
1120,95,462,105,517,474,486,478,441
1121,96,463,106,517,474,485,477,440
1122,95,465,105,519,475,488,479,442
1123,94,463,105,517,474,486,478,441
1124,97,465,106,519,475,486,478,441
1125,97,465,107,520,475,487,478,441
1126,96,464,106,519,476,488,480,443
1127,96,466,107,520,475,491,479,445
1128,96,464,107,518,474,487,477,442
1129,95,463,105,517,474,489,477,443
1130,95,463,106,518,474,488,477,442
1131,96,466,107,521,474,490,478,445
1132,95,465,106,520,475,491,479,445
1133,96,465,107,520,475,490,479,444
1134,94,462,105,517,476,489,480,444
1135,95,463,107,518,476,489,480,443
1136,95,465,106,520,475,488,479,443
1137,96,465,106,519,475,488,479,443
1138,95,465,106,519,474,488,479,443
1139,97,466,107,521,473,488,477,443
1140,95,464,106,519,477,488,481,443
1141,94,463,105,518,476,489,480,443
1142,95,464,106,519,476,488,481,442
1143,95,466,106,520,476,489,480,443
1144,95,464,105,519,472,486,477,441
1145,95,465,106,520,474,489,478,443
1146,94,464,105,518,476,488,480,442
1147,94,464,104,520,476,489,481,443
1148,95,465,106,519,475,486,479,441
1149,95,462,105,516,473,483,477,439
1150,93,464,103,519,475,486,478,441
1151,94,463,104,518,475,488,479,442
1152,95,464,105,519,475,486,479,440
1153,93,464,104,519,474,487,478,441
1154,93,460,103,515,476,482,480,436
1155,95,463,105,519,474,484,479,438
1156,94,460,104,515,474,484,478,438
1157,94,458,103,515,475,483,479,438
1158,93,459,103,515,475,482,481,437
1159,93,459,103,515,474,484,479,438
1160,92,459,102,514,474,483,479,437
1161,93,459,103,514,475,486,480,440
1162,92,460,103,516,474,484,480,438
1163,93,457,103,512,474,484,479,437
1164,92,462,103,518,471,486,476,440
1165,91,461,102,517,472,486,477,440
1166,92,461,103,516,472,486,477,440
1167,91,458,102,514,473,487,478,440
1168,92,460,102,516,474,488,479,441
1169,92,460,102,515,472,488,477,441
1170,92,461,103,517,471,488,476,441
1171,92,461,103,516,472,487,478,441
1172,94,462,104,518,472,492,477,445
1173,93,465,104,520,472,492,478,445
1174,93,464,104,519,472,489,477,443
1175,93,464,104,520,472,492,477,445
1176,92,465,104,521,471,490,477,443
1177,93,463,104,519,470,493,476,446
1178,92,462,103,518,473,490,478,442
1179,93,459,103,515,473,492,480,444
1180,93,463,103,519,471,496,478,448
1181,92,461,102,518,471,495,478,447
1182,91,458,101,515,472,497,479,448
1183,92,459,101,514,468,497,475,448
1184,90,457,99,513,467,498,474,448
1185,92,456,100,512,468,498,476,448
1186,91,460,100,516,468,502,475,452
1187,92,457,100,513,467,499,474,450
1188,92,457,100,513,466,499,473,450
1189,92,456,100,512,467,501,474,451
1190,92,459,100,515,467,502,474,452
1191,92,453,99,510,468,498,475,449
1192,92,461,100,517,468,504,476,455
1193,93,455,100,511,468,500,475,451
1194,92,456,99,513,467,498,475,448
1195,92,452,99,508,468,501,476,452
1196,92,453,99,508,467,504,474,455
1197,91,451,97,506,468,501,477,453
1198,90,449,97,504,468,498,476,449
1199,90,453,97,508,468,501,476,452
1200,91,452,97,505,468,500,474,452
1201,90,447,97,500,465,497,473,449
1202,91,447,97,501,466,500,473,452
1203,89,446,95,499,466,500,473,451
1204,89,444,94,497,468,498,476,449
1205,90,445,97,498,467,499,475,451
1206,90,446,97,498,466,498,474,449
1207,90,446,96,498,467,499,475,451
1208,91,448,97,500,466,497,474,449
1209,91,447,96,498,465,497,473,449
1210,91,446,97,499,467,493,474,446
1211,90,447,96,500,467,493,475,445
1212,91,446,98,499,468,489,475,442
1213,91,451,98,504,468,494,474,447
1214,92,447,98,501,466,495,473,447
1215,90,448,97,502,467,495,474,447
1216,90,450,95,503,465,495,472,447
1217,91,453,98,506,468,495,475,447
1218,90,450,97,504,468,491,474,444
1219,91,453,99,507,469,492,475,445
1220,91,450,99,503,468,491,474,444
1221,90,453,97,507,468,494,474,446
1222,90,450,98,504,469,489,475,442
1223,91,450,98,503,469,488,475,441
1224,91,453,98,506,469,490,475,442
1225,90,451,97,505,469,488,474,441
1226,91,453,98,507,469,489,475,443
1227,91,453,98,507,469,492,475,444
1228,92,448,98,502,471,488,477,442
1229,91,452,99,506,470,488,476,442
1230,91,453,98,507,470,489,476,443
1231,92,449,99,502,470,491,476,444
1232,92,452,99,506,471,489,477,443
1233,92,453,100,507,470,490,476,443
1234,92,451,100,506,470,490,477,443
1235,92,450,99,505,471,487,476,440
1236,92,453,99,507,470,487,475,441
1237,92,454,100,508,470,487,475,441
1238,92,453,99,506,471,487,476,441
1239,92,450,99,504,469,486,475,440
1240,91,452,98,506,471,488,477,441
1241,92,452,100,505,470,486,476,440
1242,92,451,99,505,470,485,475,439
1243,92,452,100,506,472,487,477,441
1244,93,450,100,505,472,485,477,438
1245,93,450,100,504,472,485,477,439
1246,94,449,101,503,472,486,477,440
1247,93,451,100,505,470,484,475,438
1248,94,450,102,504,471,485,476,439
1249,94,453,101,506,471,489,476,443
1250,94,448,101,503,472,484,478,438
1251,93,450,101,505,472,485,477,439
1252,93,450,101,506,473,482,478,437
1253,94,453,102,507,474,484,479,438
1254,94,451,102,506,474,487,479,440
1255,94,449,102,505,475,483,479,436
1256,93,454,101,510,476,485,480,438
1257,94,452,102,506,476,481,480,435
1258,94,452,103,507,476,479,480,433
1259,93,454,102,509,475,482,479,436
1260,95,446,103,502,476,481,481,434
1261,95,448,103,503,476,481,480,435
1262,96,447,104,502,478,481,482,435
1263,95,447,103,502,477,477,480,431
1264,96,449,104,503,478,476,481,430
1265,95,445,103,500,477,476,480,430
1266,94,450,103,505,477,478,480,433
1267,95,446,104,501,477,477,480,431
1268,96,448,104,503,476,477,479,431
1269,96,446,104,501,475,474,479,428
1270,94,451,102,507,476,481,480,434
1271,95,451,103,506,477,479,481,433
1272,95,450,103,505,476,477,480,431
1273,97,448,106,502,476,478,480,432
1274,96,447,105,502,477,477,480,432
1275,96,447,105,502,477,477,481,431
1276,95,453,103,508,478,478,481,433
1277,95,451,103,506,477,477,480,431
1278,95,451,103,506,477,476,480,430
1279,96,450,105,504,476,474,479,428
1280,95,454,104,509,476,480,479,433
1281,95,451,104,506,475,475,478,429
1282,95,451,104,505,476,477,480,430
1283,95,452,104,507,476,479,479,431
1284,95,452,105,507,475,477,479,430
1285,94,458,103,512,476,478,480,432
1286,96,449,105,503,473,475,476,429
1287,94,453,103,506,475,479,479,432
1288,93,456,102,511,476,478,479,432
1289,96,451,104,505,477,476,480,429
1290,95,452,104,506,475,477,478,430
1291,94,455,102,510,475,475,478,429
1292,94,457,103,511,474,478,478,431
1293,95,450,104,505,475,475,478,428
1294,95,454,104,509,475,476,479,429
1295,96,449,105,503,475,477,480,430
1296,93,451,102,507,474,479,478,432
1297,94,453,103,508,475,481,479,433
1298,94,454,104,509,473,482,477,434
1299,93,453,102,507,475,484,480,436
1300,90,458,99,513,473,481,477,434
1301,90,457,98,512,474,480,478,432
1302,91,455,101,510,475,480,478,432
1303,92,455,102,509,473,481,477,433
1304,94,452,103,506,476,478,480,429
1305,94,452,103,508,476,477,479,428
1306,92,456,101,511,474,478,477,431
1307,95,450,104,505,477,479,480,430
1308,92,455,101,510,477,479,479,431
1309,91,456,100,512,477,475,479,427
1310,96,451,105,506,477,474,479,427
1311,91,455,100,510,477,475,478,428
1312,95,451,105,507,479,473,481,425
1313,93,452,102,507,477,474,478,428
1314,90,455,100,511,476,474,477,428
1315,93,453,102,509,478,475,479,428
1316,91,457,100,513,477,474,479,428
1317,90,456,100,512,478,475,480,430
1318,91,460,101,515,476,476,477,430
1319,93,457,102,513,477,473,478,428
1320,91,457,101,513,477,475,479,428
1321,91,457,100,512,479,477,481,431
1322,92,458,101,513,478,477,480,430
1323,92,456,100,511,479,474,480,427
1324,93,458,103,513,477,474,478,428
1325,92,457,101,512,477,476,479,429
1326,91,458,100,514,478,478,480,431
1327,91,459,101,515,478,477,480,430
1328,92,461,102,517,478,479,479,431
1329,91,459,101,514,478,480,480,432
1330,92,463,102,519,476,480,477,432
1331,92,463,102,519,476,479,477,433
1332,92,461,101,517,477,477,478,430
1333,92,464,101,520,475,480,475,433
1334,91,460,101,517,479,477,478,429
1335,91,460,101,515,476,478,476,430
1336,92,456,101,512,477,475,478,428
1337,92,459,102,515,478,476,479,428
1338,91,451,99,507,479,473,480,426
1339,90,458,99,514,478,477,479,430
1340,88,458,98,513,475,473,476,426
1341,90,454,98,510,478,473,479,427
1342,90,454,99,511,477,470,478,423
1343,93,456,101,513,477,473,478,426
1344,89,457,100,514,478,470,478,424
1345,92,457,101,513,477,469,478,424
1346,92,457,101,513,479,472,479,426
1347,91,458,99,514,477,472,479,427
1348,90,454,99,510,479,471,481,426
1349,91,456,100,512,478,471,480,425
1350,88,457,97,513,478,476,480,430
1351,91,460,99,515,478,475,480,428
1352,91,455,99,510,479,474,481,428
1353,90,457,98,514,477,477,480,430
1354,89,456,98,513,475,476,478,430
1355,89,457,97,513,477,478,480,431
1356,89,453,97,509,476,473,479,427
1357,87,452,96,508,477,473,480,427
1358,88,455,96,512,479,474,481,428
1359,90,455,98,511,479,476,482,429
1360,89,453,97,509,478,475,481,428
1361,89,456,97,511,478,478,481,431
1362,88,455,98,511,477,476,478,429
1363,90,454,98,509,477,472,479,425
1364,89,457,98,512,477,475,479,429
1365,92,456,100,511,478,476,481,430
1366,91,458,99,513,478,477,480,431
1367,91,457,100,512,478,476,480,428
1368,91,456,100,512,478,479,481,431
1369,89,459,99,515,477,480,480,433
1370,90,461,100,517,477,480,480,432
1371,89,457,98,513,478,479,480,431
1372,90,461,100,517,476,479,478,433
1373,89,459,99,515,477,480,480,433
1374,90,460,100,516,478,482,481,435
1375,90,460,100,516,477,476,479,429
1376,91,460,101,516,477,479,480,432
1377,91,459,101,515,478,473,480,427
1378,90,458,101,514,478,477,480,431
1379,91,459,101,515,478,476,480,430
1380,91,459,101,515,478,477,480,431
1381,89,461,100,517,478,477,480,431
1382,92,460,102,517,477,478,479,432
1383,91,461,101,516,477,477,479,430
1384,90,461,100,517,477,476,480,430
1385,92,454,101,511,477,475,480,429
1386,90,458,100,515,477,476,480,430
1387,89,453,98,509,478,475,479,429
1388,89,456,99,513,476,479,479,432
1389,92,454,100,511,479,478,481,432
1390,88,451,98,509,478,475,480,428
1391,92,450,100,506,477,476,478,430
1392,89,452,98,510,476,478,478,432
1393,90,449,99,506,477,474,479,428
1394,88,453,98,509,478,476,480,429
1395,90,454,98,510,478,476,479,430
1396,88,453,97,509,477,476,479,429
1397,89,457,99,513,478,477,481,430
1398,89,456,99,513,476,475,478,427
1399,89,456,100,514,477,472,480,425
1400,90,461,101,520,476,479,479,431
1401,92,460,102,518,477,476,480,429
1402,92,459,103,517,475,478,478,431
1403,88,459,100,517,475,477,477,429
1404,91,461,102,519,474,477,478,430
1405,92,462,103,519,474,478,477,431
1406,92,461,102,518,475,478,478,431
1407,90,459,101,515,474,477,477,430
1408,91,459,101,516,473,478,475,431
1409,92,458,102,515,474,475,477,428
1410,90,456,99,512,475,477,477,429
1411,91,455,101,512,476,475,479,427
1412,89,460,100,517,474,477,477,430
1413,89,456,100,512,474,477,476,430
1414,91,457,100,513,475,477,478,430
1415,91,458,101,513,476,476,477,429
1416,91,459,101,514,476,478,479,431
1417,91,461,101,516,474,480,478,433
1418,92,461,102,516,475,481,478,434
1419,92,460,102,515,475,479,478,431
1420,91,459,101,514,474,479,477,432
1421,91,459,102,514,475,476,478,429
1422,92,461,102,517,475,480,477,433
1423,91,461,102,516,474,477,477,430
1424,92,458,102,514,475,477,478,430
1425,91,456,100,512,474,476,477,429
1426,89,456,99,512,473,475,476,428
1427,90,458,99,513,474,478,477,430
1428,89,455,99,511,475,474,478,428
1429,89,455,99,512,474,473,477,426
1430,88,458,99,513,474,473,476,427
1431,92,453,101,509,476,472,478,426
1432,92,457,101,512,475,475,478,429
1433,90,461,100,515,474,477,477,431
1434,90,458,100,514,472,477,475,430
1435,91,457,102,513,473,476,475,430
1436,92,458,102,512,475,477,477,431
1437,93,457,103,512,473,475,475,429
1438,92,456,101,512,475,475,476,429
1439,91,461,101,516,474,478,476,432
1440,92,461,102,515,475,477,478,432
1441,90,460,101,515,476,480,479,433
1442,94,455,103,510,477,474,479,427
1443,93,462,103,516,474,477,477,431
1444,92,461,102,515,475,476,477,431
1445,92,464,102,518,475,478,477,432
1446,95,455,104,509,475,474,478,428
1447,94,455,104,510,477,474,480,428
1448,90,460,100,514,476,476,479,430
1449,92,463,102,517,475,479,478,433
1450,92,462,102,516,476,475,478,429
1451,92,463,102,517,476,478,479,432
1452,92,462,102,517,474,476,477,431
1453,92,463,102,517,474,476,477,430
1454,93,464,104,519,475,479,479,432
1455,93,464,104,519,475,480,478,434
1456,93,459,103,514,475,476,478,429
1457,92,462,102,517,474,476,478,430
1458,93,463,103,518,473,480,476,433
1459,93,464,103,518,474,479,478,433
1460,93,461,104,516,474,475,477,430
1461,93,463,103,517,472,477,475,431
1462,91,461,101,516,472,478,476,432
1463,92,462,102,516,473,476,476,430
1464,93,460,103,514,473,476,476,430
1465,92,463,102,518,475,479,478,432
1466,92,463,102,518,474,479,477,432
1467,93,462,103,517,473,480,477,433
1468,91,464,102,518,474,479,478,434
1469,94,463,103,518,473,480,477,434
1470,93,463,104,518,473,479,477,434
1471,92,461,102,516,473,478,476,431
1472,92,461,102,516,472,478,476,432
1473,92,462,102,516,474,478,477,431
1474,92,463,102,517,475,479,478,433
1475,94,458,103,513,474,476,477,430
1476,92,464,102,518,474,482,478,436
1477,93,465,103,519,473,480,476,435
1478,93,461,103,516,474,479,477,433
1479,94,461,104,516,474,480,478,433
1480,93,465,103,519,475,480,477,434
1481,92,464,102,518,474,480,478,434
1482,92,461,102,516,475,479,479,432
1483,93,455,103,510,476,476,480,429
1484,89,460,100,515,475,475,479,430
1485,92,459,103,514,474,477,478,431
1486,91,463,103,517,474,478,477,432
1487,92,463,103,518,476,481,480,435
1488,92,463,104,518,473,483,478,438
1489,93,464,104,520,474,483,478,437
1490,91,466,103,521,475,485,479,438
1491,91,467,103,522,474,483,478,436
1492,93,467,105,524,473,486,477,440
1493,92,462,103,520,475,483,480,435
1494,92,467,105,524,474,486,477,439
1495,91,465,103,522,474,486,479,439
1496,92,465,104,522,475,485,480,438
1497,92,467,104,524,471,487,476,439
1498,93,465,105,522,474,487,479,440
1499,92,465,104,523,474,488,479,441
1500,94,468,106,525,473,489,477,442
1501,94,465,106,522,472,491,478,444
1502,92,466,104,524,472,490,477,442
1503,92,464,103,521,475,488,479,440
1504,93,466,105,523,472,489,478,442
1505,91,463,103,520,472,486,478,438
1506,92,463,104,520,472,490,477,442
1507,92,463,104,520,471,488,476,440
1508,92,462,103,519,472,487,477,438
1509,92,465,104,521,473,486,478,438
1510,91,461,101,518,474,486,479,438
1511,93,460,103,516,476,484,481,437
1512,94,456,103,512,475,483,479,436
1513,94,453,103,509,474,480,478,433
1514,93,454,102,510,475,482,479,434
1515,94,454,104,510,474,482,478,434
1516,96,451,105,508,475,477,478,430
1517,95,454,104,510,475,476,478,430
1518,95,456,104,512,476,478,479,432
1519,96,456,104,511,476,477,479,430
1520,96,454,104,509,477,475,479,429
1521,94,459,103,515,477,477,479,430
1522,94,456,103,512,476,475,479,430
1523,96,453,105,508,477,473,480,427
1524,95,455,104,510,477,473,479,428
1525,97,452,105,506,477,474,480,429
1526,95,454,103,508,476,471,478,425
1527,96,452,105,505,478,473,480,427
1528,96,453,105,506,476,472,479,426
1529,95,455,104,508,477,471,479,427
1530,97,452,105,505,477,473,479,428
1531,96,450,105,504,476,469,477,424
1532,96,452,105,507,476,470,479,425
1533,96,451,105,505,476,472,478,427
1534,96,450,105,504,476,470,478,425
1535,96,448,104,502,476,469,477,424
1536,96,451,105,504,477,471,479,425
1537,97,451,106,506,477,474,479,428
1538,96,450,105,503,475,468,476,423
1539,96,447,104,501,476,469,478,424
1540,97,449,106,503,477,472,480,426
1541,96,449,106,503,475,470,478,426
1542,97,450,106,504,476,468,478,423
1543,96,451,105,505,477,467,479,422
1544,97,449,106,502,476,470,478,426
1545,97,450,106,503,476,472,478,427
1546,97,451,106,505,476,473,479,427
1547,95,448,104,501,478,470,480,426
1548,97,450,105,503,476,469,478,424
1549,96,450,105,504,476,468,478,423
1550,96,451,105,505,476,469,478,424
1551,97,450,105,503,475,470,478,425
1552,96,452,105,506,477,471,479,426
1553,96,450,105,504,476,473,479,427
1554,96,453,105,508,477,475,480,429
1555,97,449,105,502,476,467,478,422
1556,96,452,105,505,476,471,478,426
1557,97,452,106,505,476,470,478,425
1558,97,449,105,502,477,470,480,425
1559,96,449,104,503,478,470,480,425
1560,96,450,105,504,475,473,478,427
1561,96,450,105,504,476,471,479,426
1562,96,449,105,504,476,469,479,423
1563,97,448,105,502,477,473,480,427
1564,97,451,106,505,474,472,477,427
1565,96,450,105,504,476,471,479,425
1566,96,452,105,505,476,472,478,427
1567,96,450,105,503,476,472,479,427
1568,96,451,105,505,476,474,479,427
1569,96,450,105,503,476,471,478,425
1570,95,449,104,502,477,471,479,425
1571,96,449,105,503,476,471,478,425
1572,95,448,104,502,476,473,479,427
1573,96,450,105,503,475,472,478,427
1574,96,450,104,504,476,471,478,426
1575,97,451,105,505,476,472,479,426
1576,96,450,105,504,476,470,478,425
1577,96,448,104,502,476,470,477,424
1578,95,449,103,503,478,469,480,424
1579,95,449,104,503,476,469,479,423
1580,96,450,105,504,476,472,478,426
1581,96,451,105,505,477,471,480,425
1582,95,448,103,502,476,470,478,424
1583,95,451,103,506,476,471,479,425
1584,94,454,103,508,477,473,480,427
1585,94,453,104,507,477,470,479,425
1586,95,453,105,508,476,472,479,426
1587,95,455,104,509,478,473,480,427
1588,95,454,105,508,477,472,479,426
1589,94,455,103,510,475,474,477,428
1590,94,456,102,510,477,475,479,429
1591,95,456,103,511,475,476,477,430
1592,93,457,102,511,476,477,478,430
1593,94,458,102,513,475,476,478,430
1594,95,456,102,512,477,479,480,432
1595,93,456,101,512,478,476,481,429
1596,93,461,102,518,476,481,478,434
1597,93,458,101,513,476,483,479,436
1598,93,458,101,514,476,479,478,431
1599,93,460,102,516,476,482,478,435
1600,94,454,102,511,477,480,480,433
1601,93,456,101,512,475,480,478,433
1602,91,459,100,515,474,483,477,436
1603,91,458,99,514,476,480,478,433
1604,90,460,100,517,477,484,480,437
1605,91,459,100,515,475,482,477,434
1606,93,461,102,517,475,484,478,437
1607,91,458,99,515,475,481,477,434
1608,92,457,99,513,474,483,476,435
1609,92,458,100,516,474,485,477,436
1610,90,458,98,515,475,483,478,435
1611,93,459,101,516,476,484,480,436
1612,90,457,98,513,475,482,479,435
1613,91,456,99,512,475,482,478,435
1614,93,458,100,513,476,485,479,439
1615,90,456,98,512,476,480,479,434
1616,92,457,100,513,478,481,481,434
1617,92,453,99,509,479,479,482,432
1618,92,459,100,515,477,483,480,436
1619,93,456,100,512,476,483,479,435
1620,92,459,100,515,477,484,480,437
1621,91,458,100,515,476,484,479,436
1622,92,459,101,514,477,485,480,437
1623,92,458,100,514,475,483,478,436
1624,91,461,100,516,475,485,479,438
1625,91,460,100,516,477,485,481,437
1626,92,458,100,514,477,485,480,437
1627,91,462,100,518,476,485,479,438
1628,92,461,102,516,476,484,478,438
1629,92,460,101,516,476,487,479,440
1630,91,459,100,515,475,481,478,433
1631,93,457,101,514,477,484,481,436
1632,91,461,101,517,474,484,477,437
1633,92,462,102,518,478,484,481,437
1634,92,457,101,513,477,487,481,439
1635,92,461,101,517,476,487,479,440
1636,92,458,101,515,477,484,480,437
1637,91,458,100,514,479,486,482,438
1638,90,458,100,515,478,483,481,435
1639,91,459,100,516,477,485,480,438
1640,91,458,100,515,477,481,480,434
1641,92,463,102,520,477,487,480,440
1642,92,460,101,516,477,487,481,440
1643,91,458,100,515,476,482,479,435
1644,93,459,102,516,475,486,479,439
1645,93,458,101,514,478,486,481,438
1646,92,459,100,515,478,486,481,438
1647,92,459,101,517,476,484,479,437
1648,93,458,101,514,476,488,480,440
1649,92,455,100,512,477,483,481,435
1650,93,458,101,515,477,483,480,435
1651,93,455,101,511,479,480,482,432
1652,92,459,100,516,478,483,482,436
1653,93,457,101,514,476,484,479,436
1654,92,460,101,517,476,485,480,438
1655,92,456,100,513,476,480,480,432
1656,92,458,100,514,479,485,482,438
1657,92,457,100,514,476,482,480,435
1658,92,460,101,517,474,485,477,438
1659,92,462,101,519,480,485,483,437
1660,92,455,100,512,477,484,480,436
1661,92,458,101,515,477,481,481,435
1662,92,460,101,517,475,487,478,439
1663,92,458,101,515,477,484,480,437
1664,92,461,101,517,476,486,479,438
1665,92,459,101,516,477,484,479,437
1666,92,458,101,515,477,486,481,438
1667,91,461,100,517,477,487,480,439
1668,92,458,100,515,475,483,479,436
1669,92,460,101,517,477,486,481,439
1670,93,458,101,515,476,484,480,436
1671,92,459,101,516,476,481,479,434
1672,93,457,101,514,477,485,480,438
1673,92,457,102,514,478,484,481,436
1674,93,456,101,513,477,483,480,436
1675,92,458,101,515,475,483,478,436
1676,92,460,101,517,475,486,479,438
1677,92,461,102,518,476,482,478,435
1678,92,460,101,516,478,485,481,437
1679,92,458,100,515,475,483,478,436
1680,91,455,99,511,480,486,482,440
1681,91,460,99,517,478,487,481,440
1682,93,459,101,515,476,487,480,439
1683,92,459,101,516,476,486,479,439
1684,92,460,101,516,477,485,481,438
1685,92,457,101,514,477,483,481,436
1686,93,457,101,513,479,483,482,436
1687,92,459,101,517,477,481,480,434
1688,92,459,100,515,476,485,479,437
1689,93,457,101,514,478,487,482,439
1690,91,456,99,512,479,488,482,441
1691,93,458,101,514,479,485,482,438
1692,92,459,102,517,476,485,480,438
1693,93,457,101,514,477,487,481,440
1694,91,458,99,515,477,486,481,438
1695,92,459,101,516,478,485,481,437
1696,92,458,101,515,476,484,479,436
1697,92,459,101,516,477,488,482,440
1698,92,458,101,515,477,487,481,438
1699,93,464,102,522,474,486,478,438
1700,92,464,101,522,475,490,479,441
1701,92,463,101,520,477,487,481,439
1702,91,463,101,520,476,487,480,439
1703,91,457,101,514,477,481,480,435
1704,91,461,102,519,477,482,481,434
1705,92,463,103,519,476,482,479,434
1706,92,462,103,519,477,486,481,437
1707,92,460,103,517,475,485,479,438
1708,92,460,102,517,477,483,482,435
1709,93,457,102,515,477,482,480,434
1710,91,461,101,517,475,486,479,437
1711,90,458,101,514,473,485,477,437
1712,90,456,101,512,473,480,476,432
1713,90,459,101,515,474,478,478,431
1714,93,459,103,514,474,481,478,434
1715,92,461,102,515,475,480,479,434
1716,93,460,103,515,474,484,478,437
1717,92,461,102,517,474,481,477,435
1718,92,460,102,515,473,479,476,433
1719,92,462,102,516,473,481,476,435
1720,94,462,104,516,473,480,476,433
1721,93,462,103,516,472,481,475,435
1722,92,460,102,514,474,482,478,435
1723,92,462,103,517,475,482,479,435
1724,92,463,103,518,474,482,477,435
1725,92,465,103,519,473,481,477,435
1726,93,463,103,518,473,485,478,438
1727,93,465,104,520,473,485,477,438
1728,92,464,103,518,472,486,475,439
1729,93,465,103,520,472,484,475,437
1730,92,464,103,518,471,484,475,437
1731,93,465,103,518,474,482,477,435
1732,93,470,105,524,472,486,476,440
1733,93,466,104,521,474,486,478,440
1734,92,468,104,522,471,486,476,440
1735,94,466,104,520,473,487,478,440
1736,93,468,105,523,472,487,477,441
1737,94,468,105,522,473,490,478,444
1738,93,463,104,518,473,487,479,441
1739,94,470,105,524,472,489,476,443
1740,94,465,104,519,475,487,480,441
1741,93,466,104,520,472,490,477,443
1742,95,468,105,522,473,488,478,443
1743,94,467,105,521,472,488,477,442
1744,94,466,105,519,474,489,479,443
1745,96,470,107,524,474,488,478,443
1746,95,469,106,524,475,488,479,442
1747,96,471,107,525,475,490,480,445
1748,96,466,107,521,473,487,478,441
1749,96,468,106,522,476,488,480,443
1750,96,469,107,524,475,488,480,442
1751,95,465,105,519,475,485,478,439
1752,95,464,105,518,475,485,478,440
1753,97,467,107,520,475,487,479,441
1754,96,463,106,517,476,485,479,440
1755,97,466,107,520,476,487,479,442
1756,96,464,106,518,477,486,480,441
1757,95,467,106,520,476,486,480,441
1758,96,466,106,520,477,489,481,444
1759,97,468,107,521,478,488,482,442
1760,96,465,106,519,476,486,480,442
1761,95,462,104,517,476,487,480,442
1762,95,462,104,517,477,484,481,439
1763,95,466,106,520,476,486,480,440
1764,96,462,105,516,478,487,482,441
1765,95,466,105,520,477,489,480,443
1766,96,468,106,521,477,487,481,442
1767,95,465,105,519,477,488,481,443
1768,93,463,104,516,475,485,479,440
1769,93,464,103,518,476,488,480,442
1770,94,463,104,518,477,485,482,439
1771,94,466,105,520,477,487,481,441
1772,94,464,104,519,477,487,481,441
1773,93,466,104,519,477,484,481,439
1774,94,467,105,520,477,487,481,442
1775,93,465,105,519,477,486,480,440
1776,93,466,104,520,477,487,480,442
1777,93,463,103,518,476,488,480,443
1778,92,464,103,518,477,485,482,440
1779,94,466,105,520,476,485,479,440
1780,93,464,104,518,477,488,481,442
1781,93,466,104,520,475,484,479,439
1782,92,465,103,519,476,488,480,442
1783,92,465,102,518,477,488,481,442
1784,94,463,104,517,476,488,481,442
1785,93,464,103,518,477,487,481,441
1786,94,467,104,521,477,487,481,442
1787,94,464,104,518,479,487,483,441
1788,93,463,104,517,477,487,480,441
1789,93,467,104,520,476,490,480,444
1790,93,465,104,518,477,484,481,439
1791,93,464,103,517,475,485,479,440
1792,93,465,104,519,476,489,480,442
1793,94,460,104,515,477,485,481,440
1794,94,464,104,518,477,486,481,441
1795,94,465,104,519,476,484,479,439
1796,95,468,105,522,478,487,482,442
1797,93,466,104,520,477,488,481,442
1798,95,465,106,519,478,487,482,441
1799,93,463,104,518,476,484,479,439
1800,94,463,104,517,477,486,481,441
1801,94,465,104,520,477,488,481,442
1802,94,462,104,516,478,486,481,441
1803,93,466,104,520,475,485,479,440
1804,93,462,104,517,478,484,483,438
1805,94,466,105,521,478,485,482,440
1806,94,463,105,517,477,486,481,440
1807,94,462,104,516,478,486,482,440
1808,94,462,104,518,478,486,481,440
1809,93,464,104,518,476,484,480,439
1810,94,465,104,520,476,488,480,442
1811,93,466,105,521,477,487,481,441
1812,94,466,105,520,477,486,482,441
1813,94,468,105,522,477,485,480,441
1814,93,467,104,521,477,486,481,440
1815,94,463,104,517,477,485,481,440
1816,94,463,104,516,475,484,479,439
1817,93,461,103,515,477,484,481,438
1818,93,465,104,519,477,485,480,439
1819,92,463,103,518,477,485,482,440
