1,627,412,629,458,1009,478,1015,423
2,618,411,620,458,1002,478,1008,424
3,618,410,619,456,1002,477,1008,422
4,617,412,619,458,1002,476,1008,422
5,619,411,621,457,1003,478,1009,423
6,618,413,620,460,1002,477,1008,423
7,618,413,620,460,1002,477,1008,424
8,619,412,621,458,1002,478,1009,423
9,618,411,619,457,1003,475,1008,420
10,619,411,621,458,1003,476,1009,422
11,619,410,620,457,1004,476,1010,421
12,619,413,622,459,1003,478,1009,424
13,618,410,621,457,1003,474,1010,420
14,618,411,619,457,1002,473,1007,419
15,619,413,621,459,1002,477,1009,423
16,619,411,620,457,1004,477,1010,422
17,620,413,623,459,1003,476,1009,422
18,619,412,621,458,1003,477,1010,423
19,619,412,620,458,1003,476,1009,422
20,619,411,620,458,1002,476,1009,423
21,618,412,620,458,1003,477,1009,424
22,619,412,621,458,1004,476,1010,422
23,618,412,620,458,1003,475,1009,422
24,618,413,620,460,1003,477,1009,423
25,619,413,622,459,1003,477,1009,423
26,620,409,621,455,1002,474,1009,420
27,619,409,621,455,1004,474,1010,421
28,618,411,620,457,1003,475,1009,421
29,619,413,622,460,1004,477,1010,424
30,620,412,622,458,1003,477,1009,423
31,618,412,621,458,1002,476,1009,422
32,620,412,622,458,1004,477,1010,423
33,619,413,621,459,1002,476,1008,422
34,620,410,622,456,1002,476,1008,422
35,619,412,622,457,1003,476,1009,422
36,619,410,620,457,1004,476,1010,421
37,620,413,622,459,1003,478,1009,424
38,619,410,621,456,1003,476,1009,422
39,619,411,621,457,1004,477,1010,423
40,619,412,621,458,1004,477,1010,423
41,619,411,622,457,1004,475,1010,422
42,620,411,621,456,1004,475,1010,421
43,619,410,621,456,1004,474,1010,421
44,619,412,621,458,1003,475,1009,421
45,620,410,622,456,1003,474,1009,421
46,619,409,620,456,1002,474,1008,421
47,618,411,621,458,1003,475,1010,422
48,619,411,621,457,1003,475,1009,421
49,621,412,623,458,1004,475,1011,422
50,620,410,621,456,1003,475,1009,421
51,619,412,622,457,1002,477,1008,423
52,619,411,621,457,1003,477,1010,423
53,620,412,622,458,1004,475,1010,422
54,619,410,621,456,1004,473,1010,419
55,619,413,621,459,1002,475,1008,422
56,619,412,621,459,1003,477,1009,423
57,618,413,620,459,1002,477,1009,423
58,619,409,621,455,1003,475,1009,421
59,619,412,621,458,1002,476,1008,422
60,619,414,621,459,1002,476,1008,422
61,619,410,621,456,1003,475,1009,420
62,619,413,622,459,1002,477,1009,423
63,619,410,620,455,1003,476,1009,422
64,618,411,620,458,1004,476,1010,422
65,619,412,621,458,1003,478,1010,423
66,619,411,620,457,1003,475,1009,421
67,619,410,621,456,1003,476,1010,422
68,619,411,622,456,1003,473,1009,420
69,619,412,621,458,1002,477,1009,423
70,619,412,621,457,1002,477,1008,423
71,618,410,620,456,1004,475,1010,422
72,618,414,620,460,1003,476,1009,422
73,618,413,621,459,1003,476,1010,423
74,618,414,620,460,1002,478,1009,424
75,618,414,620,460,1004,476,1010,422
76,620,414,622,460,1003,479,1009,425
77,618,412,620,458,1004,477,1010,423
78,619,413,621,459,1003,476,1009,422
79,618,413,621,460,1002,477,1009,424
80,618,414,621,460,1003,478,1010,424
81,619,412,622,459,1004,474,1009,420
82,619,413,621,459,1004,476,1010,422
83,619,410,621,457,1003,475,1009,421
84,619,412,621,459,1003,476,1009,422
85,619,415,621,462,1002,477,1008,423
86,619,411,621,458,1004,477,1009,423
87,619,411,621,457,1003,476,1009,422
88,618,413,620,459,1002,476,1008,422
89,619,413,621,459,1002,477,1009,423
90,619,411,621,457,1002,477,1009,423
91,619,412,621,458,1003,477,1010,423
92,618,413,620,460,1001,478,1007,424
93,619,414,621,460,1003,477,1009,424
94,618,411,620,457,1003,479,1009,425
95,620,412,622,458,1003,476,1009,422
96,619,414,621,461,1003,475,1009,422
97,619,413,621,459,1004,476,1009,422
98,619,413,621,459,1003,479,1009,425
99,619,414,621,460,1003,476,1009,423
100,620,415,622,462,1003,478,1010,424
101,619,414,621,460,1002,478,1008,424
102,620,412,622,459,1002,478,1009,424
103,618,414,620,460,1003,478,1009,424
104,618,413,620,459,1003,477,1008,424
105,619,412,621,458,1003,476,1009,422
106,619,411,621,458,1004,474,1009,420
107,618,414,621,461,1003,478,1009,424
108,619,413,621,460,1004,477,1010,423
109,619,412,621,457,1002,476,1008,422
110,618,413,620,459,1003,477,1008,423
111,619,415,621,461,1003,477,1009,424
112,619,413,621,458,1003,477,1010,423
113,619,414,621,460,1003,479,1010,425
114,619,413,621,459,1002,477,1009,424
115,618,414,620,460,1003,476,1009,422
116,619,414,622,460,1003,478,1010,423
117,619,415,621,461,1003,478,1010,425
118,618,414,620,460,1002,475,1008,422
119,618,414,620,461,1004,477,1010,423
120,618,413,620,460,1003,477,1009,423
121,619,411,620,457,1003,475,1008,422
122,617,412,619,458,1002,480,1009,425
123,619,414,621,460,1003,479,1009,426
124,619,413,621,459,1003,477,1009,424
125,619,413,621,459,1003,476,1009,422
126,618,415,620,462,1003,477,1009,423
127,618,413,620,460,1002,478,1008,424
128,618,414,621,460,1002,478,1009,424
129,618,416,621,462,1003,478,1009,424
130,618,414,620,460,1002,476,1008,422
131,619,414,621,460,1003,477,1009,423
132,618,413,621,459,1004,475,1010,422
133,618,415,619,462,1002,479,1008,425
134,618,415,620,461,1002,476,1008,423
135,617,415,619,461,1003,478,1009,425
136,617,413,619,459,1002,477,1008,424
137,619,415,621,461,1002,477,1008,425
138,619,413,621,458,1002,476,1008,422
139,619,413,620,459,1003,478,1009,425
140,618,413,620,459,1002,479,1009,426
141,619,414,621,460,1003,476,1009,423
142,618,415,620,461,1002,480,1008,426
143,618,411,620,457,1002,477,1008,424
144,619,415,621,461,1002,478,1009,425
145,618,413,620,459,1003,479,1010,425
146,619,417,621,463,1002,479,1009,426
147,618,412,620,458,1002,476,1009,423
148,619,414,620,459,1002,478,1008,424
149,619,411,621,457,1003,476,1010,421
150,619,415,621,460,1002,478,1008,424
151,618,412,620,459,1003,476,1009,423
152,619,411,620,457,1002,478,1008,424
153,618,415,621,460,1003,479,1010,425
154,620,415,622,460,1003,477,1009,424
155,619,413,621,459,1002,477,1008,424
156,619,412,621,458,1003,476,1009,422
157,618,412,620,458,1003,477,1009,423
158,619,414,622,460,1002,477,1009,424
159,620,411,622,457,1002,475,1008,421
160,620,414,622,461,1003,476,1009,422
161,619,413,621,459,1003,478,1009,423
162,619,411,622,457,1002,476,1008,422
163,619,412,622,458,1003,477,1009,422
164,619,411,622,457,1002,475,1008,421
165,619,413,622,459,1002,479,1009,425
166,620,412,622,458,1002,475,1008,421
167,620,412,623,458,1002,477,1009,423
168,619,412,622,458,1003,477,1010,423
169,620,410,621,457,1004,475,1010,421
170,620,411,622,458,1002,477,1009,422
171,619,413,622,459,1001,476,1008,421
172,619,413,622,459,1002,477,1008,423
173,620,413,623,459,1001,478,1008,423
174,619,414,622,461,1001,477,1008,422
175,619,415,623,462,1001,478,1008,424
176,620,415,623,462,1001,479,1008,424
177,619,414,622,462,1001,477,1008,423
178,620,414,622,461,1000,479,1007,423
179,618,413,622,461,999,479,1006,424
180,620,415,624,463,999,481,1007,426
181,621,418,626,466,999,486,1008,431
182,619,417,623,465,998,487,1007,431
183,619,418,624,467,997,491,1008,434
184,620,419,626,469,999,488,1009,431
185,620,425,627,474,998,492,1009,435
186,620,424,625,473,999,494,1010,436
187,618,425,624,475,998,491,1009,435
188,619,421,625,472,998,497,1008,440
189,619,424,625,474,997,493,1008,437
190,618,427,625,476,998,493,1008,437
191,618,427,625,478,996,499,1007,443
192,618,421,624,472,997,496,1007,440
193,617,422,624,473,997,498,1009,441
194,618,420,624,471,998,498,1008,441
195,618,417,624,468,999,496,1008,439
196,618,420,625,471,996,498,1007,441
197,617,421,623,472,998,499,1008,442
198,617,416,624,467,997,493,1007,436
199,617,419,624,470,997,497,1007,440
200,616,422,622,473,997,499,1007,442
201,616,417,622,468,998,494,1007,437
202,616,415,622,466,997,492,1006,436
203,616,415,622,465,998,493,1007,437
204,617,415,623,466,996,492,1005,437
205,618,416,624,466,996,496,1006,440
206,616,416,622,466,995,497,1004,440
207,615,415,621,466,997,493,1006,437
208,616,416,621,467,996,493,1005,436
209,616,416,622,466,996,494,1005,438
210,616,415,621,465,996,498,1006,441
211,616,414,621,464,997,492,1005,437
212,616,412,621,461,997,493,1006,438
213,615,413,621,463,997,494,1005,438
214,615,412,620,462,998,493,1006,437
215,615,414,619,463,996,494,1005,438
216,615,412,620,462,996,491,1005,435
217,614,411,618,460,997,493,1005,437
218,615,412,620,461,997,489,1005,434
219,614,410,617,459,995,491,1004,435
220,614,410,618,459,998,491,1007,435
221,614,411,617,459,997,492,1005,436
222,614,406,618,456,997,486,1005,430
223,614,408,617,456,998,493,1006,436
224,613,412,617,462,997,491,1006,435
225,613,408,617,457,998,491,1006,436
226,614,412,618,461,997,491,1005,435
227,614,412,618,460,997,490,1004,434
228,612,409,615,458,996,489,1004,434
229,613,410,616,458,997,491,1006,435
230,612,411,616,459,997,492,1005,435
231,612,409,616,458,996,489,1004,434
232,614,415,619,463,997,495,1004,439
233,612,409,615,457,998,489,1006,434
234,612,413,616,462,997,493,1005,437
235,613,411,616,460,998,490,1005,434
236,614,414,618,462,997,489,1005,435
237,612,413,616,462,997,490,1005,435
238,612,410,616,459,998,488,1006,432
239,613,410,616,459,997,487,1005,433
240,613,411,616,460,996,494,1005,438
241,612,410,616,460,996,489,1004,434
242,613,411,617,459,997,489,1005,434
243,613,413,617,463,997,489,1004,435
244,613,415,618,464,996,494,1004,439
245,612,411,615,461,996,490,1004,435
246,612,410,616,459,997,490,1004,435
247,614,412,618,461,998,489,1005,434
248,613,411,616,460,998,488,1005,433
249,611,409,615,457,998,488,1005,433
250,612,414,616,463,997,491,1005,435
251,612,412,617,461,996,489,1004,434
252,612,413,615,462,997,492,1004,437
253,613,416,617,465,995,491,1004,436
254,612,413,616,462,998,487,1005,432
255,612,413,617,462,998,488,1005,433
256,612,410,616,459,998,486,1005,431
257,613,413,617,462,997,490,1005,436
258,613,413,618,462,999,487,1007,433
259,613,414,617,463,998,490,1005,435
260,614,412,618,461,998,490,1007,436
261,613,415,617,464,998,489,1006,434
262,613,411,616,460,996,490,1004,434
263,612,415,616,464,997,488,1005,434
264,612,415,616,464,996,492,1004,436
265,614,415,618,464,998,489,1005,434
266,613,416,617,465,997,489,1005,435
267,613,415,617,465,998,489,1005,434
268,613,416,619,465,998,489,1005,436
269,614,416,619,465,998,489,1005,435
270,614,416,617,465,996,491,1004,437
271,613,414,617,464,998,488,1005,434
272,613,415,617,464,997,487,1005,433
273,613,415,617,464,997,490,1005,436
274,614,413,617,462,997,487,1005,432
275,614,414,619,463,997,488,1005,434
276,615,417,619,467,997,491,1006,436
277,612,414,617,464,998,490,1005,435
278,614,415,619,465,997,487,1005,434
279,613,417,618,466,996,492,1004,438
280,614,416,618,465,997,490,1005,435
281,613,414,617,463,996,491,1004,437
282,613,414,617,463,996,493,1004,438
283,613,417,617,467,995,495,1003,438
284,613,415,617,465,997,493,1005,436
285,613,417,617,467,997,494,1005,437
286,613,418,618,468,997,491,1005,435
287,613,419,617,468,996,496,1005,439
288,613,417,619,468,995,494,1005,438
289,614,419,619,469,996,497,1005,439
290,614,419,619,470,995,499,1004,441
291,613,417,618,469,996,499,1005,441
292,613,419,617,470,995,500,1004,442
293,614,419,620,471,995,497,1004,438
294,614,422,620,473,996,498,1005,439
295,614,422,619,474,996,501,1006,443
296,614,421,620,473,997,499,1006,440
297,614,425,621,477,996,504,1006,446
298,614,422,620,473,998,501,1007,443
299,613,421,619,472,996,497,1005,440
300,614,425,620,477,994,499,1002,441
301,615,423,621,475,996,500,1005,443
302,613,422,618,474,998,500,1006,442
303,614,420,619,470,996,500,1005,441
304,614,421,619,473,997,499,1006,441
305,613,416,618,467,997,499,1006,441
306,614,419,618,470,997,498,1004,439
307,614,420,620,471,998,502,1006,444
308,613,419,618,469,997,498,1006,440
309,613,420,618,470,996,496,1004,439
310,614,421,619,472,998,496,1006,439
311,613,419,617,470,998,497,1005,439
312,614,422,619,472,999,497,1006,440
313,613,418,618,468,999,496,1006,439
314,613,417,616,468,999,495,1007,437
315,612,417,616,467,1001,493,1007,436
316,614,423,620,473,1001,498,1008,441
317,612,421,616,471,1002,489,1008,432
318,613,419,618,470,1001,494,1008,437
319,614,418,618,469,1001,491,1008,434
320,614,418,619,468,1001,493,1007,438
321,615,425,620,475,1000,500,1008,442
322,616,422,620,470,1005,487,1011,431
323,615,420,619,470,1005,488,1011,431
324,615,419,619,468,1005,486,1011,429
325,616,421,621,471,1005,486,1011,429
326,616,423,620,472,1006,487,1012,430
327,616,419,621,469,1005,488,1011,431
328,615,419,620,469,1005,485,1011,428
329,618,421,623,471,1005,488,1012,431
330,618,422,622,471,1005,488,1011,431
331,616,421,620,470,1004,486,1011,430
332,617,418,622,467,1005,486,1011,429
333,618,421,622,469,1005,487,1012,430
334,618,420,622,469,1006,486,1013,430
335,616,418,621,468,1005,483,1011,426
336,617,418,622,467,1005,483,1011,427
337,618,418,622,467,1007,485,1013,429
338,617,418,622,468,1007,484,1012,428
339,619,420,623,470,1006,486,1012,429
340,618,416,623,466,1007,483,1014,427
341,618,419,624,468,1006,485,1013,428
342,619,418,624,468,1008,486,1014,429
343,618,418,623,467,1007,485,1014,429
344,619,419,624,468,1007,484,1014,428
345,619,417,623,466,1007,481,1013,425
346,619,418,624,468,1008,486,1014,429
347,619,418,624,468,1006,486,1013,430
348,618,418,623,467,1006,483,1013,427
349,619,418,623,468,1006,481,1012,426
350,618,419,623,469,1007,487,1014,431
351,618,419,623,469,1006,483,1013,428
352,618,419,622,469,1007,482,1013,427
353,618,420,624,469,1006,484,1013,428
354,618,419,624,469,1007,483,1012,427
355,618,419,623,469,1007,483,1013,428
356,619,419,624,469,1008,484,1014,428
357,617,421,622,470,1005,482,1011,427
358,617,420,622,469,1005,483,1011,427
359,618,418,622,468,1006,484,1013,428
360,619,418,624,467,1007,481,1013,425
361,619,417,624,467,1005,481,1012,425
362,617,419,623,468,1006,482,1012,427
363,618,419,623,468,1005,482,1011,427
364,617,418,621,467,1006,482,1012,427
365,617,419,622,469,1005,482,1011,426
366,618,418,622,468,1005,481,1011,425
367,617,420,621,469,1006,481,1011,426
368,617,420,622,469,1006,484,1012,428
369,618,422,622,471,1007,485,1012,430
370,617,419,622,468,1006,485,1013,429
371,617,418,622,467,1006,481,1012,426
372,617,420,622,469,1005,483,1011,428
373,617,420,621,470,1005,485,1012,428
374,616,419,621,468,1004,481,1011,426
375,617,420,622,469,1004,482,1010,427
376,617,419,622,468,1006,482,1012,427
377,616,421,621,471,1005,483,1011,428
378,617,423,622,472,1005,484,1011,429
379,616,423,622,472,1004,483,1010,428
380,617,421,622,471,1005,481,1010,425
381,617,424,623,474,1004,485,1010,428
382,616,423,621,473,1005,482,1010,426
383,616,424,621,473,1004,484,1010,428
384,617,423,622,472,1004,484,1010,428
385,616,422,622,472,1004,483,1010,428
386,617,420,622,470,1005,480,1011,425
387,617,421,621,471,1005,485,1012,428
388,617,421,622,471,1005,486,1012,429
389,616,421,622,472,1004,483,1010,427
390,616,420,621,470,1003,483,1010,427
391,617,422,622,472,1005,483,1011,427
392,615,420,620,470,1003,482,1009,426
393,617,424,622,474,1005,484,1011,428
394,617,419,622,469,1004,482,1011,425
395,616,421,621,471,1004,485,1010,428
396,618,422,623,472,1004,486,1010,430
397,616,422,621,472,1004,487,1011,430
398,617,422,622,472,1004,484,1011,428
399,617,422,622,472,1003,486,1010,429
400,617,420,621,470,1005,486,1010,429
401,617,422,622,471,1005,488,1011,431
402,616,422,621,471,1003,486,1009,429
403,616,423,622,472,1003,487,1009,429
404,617,422,622,471,1004,487,1010,431
405,616,423,621,472,1004,489,1011,432
406,616,422,622,472,1005,485,1011,428
407,617,422,622,472,1004,486,1010,430
408,616,423,622,473,1003,488,1009,431
409,617,421,622,471,1005,487,1011,430
410,617,421,622,472,1002,487,1008,430
411,616,420,622,471,1004,489,1010,432
412,617,421,622,471,1002,487,1009,430
413,616,423,621,473,1002,487,1008,430
414,618,424,622,474,1004,487,1010,430
415,616,423,621,473,1002,488,1008,430
416,616,422,621,473,1001,488,1008,431
417,616,422,622,473,1001,487,1008,431
418,616,421,621,472,1002,488,1009,431
419,616,424,621,476,1002,489,1008,432
420,614,419,619,472,1000,494,1008,437
421,615,419,620,470,999,493,1007,436
422,616,417,620,468,999,494,1006,438
423,616,418,620,469,999,495,1007,439
424,616,414,619,465,998,492,1007,435
425,614,413,618,464,998,494,1006,438
426,617,415,620,465,997,497,1005,440
427,614,413,618,463,997,495,1006,439
428,613,413,617,464,998,498,1006,440
429,613,412,616,462,998,497,1007,440
430,612,409,616,459,996,492,1004,436
431,613,410,616,460,998,496,1006,439
432,614,410,616,460,997,494,1005,437
433,613,410,615,460,996,495,1005,438
434,613,411,616,461,996,495,1004,437
435,613,412,615,461,996,497,1004,439
436,612,410,614,460,996,493,1004,436
437,612,410,614,460,997,499,1005,441
438,611,410,613,460,996,495,1004,437
439,611,412,613,462,995,498,1004,440
440,611,412,613,462,998,494,1005,437
441,611,409,612,459,998,495,1005,438
442,610,411,613,462,997,495,1004,437
443,609,411,611,461,997,495,1004,437
444,609,408,610,459,997,497,1004,438
445,609,413,610,463,995,499,1004,440
446,609,410,610,460,996,498,1003,439
447,608,411,609,461,995,495,1003,437
448,609,414,609,462,995,498,1003,441
449,608,409,610,459,997,496,1005,438
450,608,408,608,459,997,494,1004,434
451,608,410,609,460,995,496,1003,437
452,608,409,608,459,998,496,1005,438
453,608,411,609,461,993,497,1001,438
454,607,410,609,460,994,498,1002,439
455,609,409,608,458,994,495,1002,436
456,608,413,609,463,994,500,1003,440
457,607,412,607,462,994,498,1002,439
458,608,408,608,459,997,494,1004,435
459,608,410,609,459,995,496,1003,436
460,608,411,608,461,995,496,1003,437
461,609,410,609,459,995,497,1003,438
462,610,410,610,460,996,495,1004,436
463,608,412,610,461,995,498,1003,439
464,608,409,608,458,995,498,1003,439
465,609,410,609,459,995,499,1004,440
466,608,412,610,462,995,497,1004,438
467,609,412,609,462,994,497,1002,437
468,610,408,610,457,997,492,1005,433
469,608,408,609,459,995,496,1004,436
470,609,407,609,457,995,496,1003,435
471,608,409,610,458,998,495,1005,435
472,609,413,611,464,996,496,1004,437
473,609,408,609,458,996,495,1004,436
474,609,410,610,459,997,494,1004,435
475,609,407,609,456,997,495,1004,436
476,609,408,609,457,996,497,1004,437
477,610,410,610,459,999,496,1006,437
478,609,410,610,460,996,498,1004,438
479,610,408,610,457,995,497,1003,439
480,610,411,610,461,996,494,1003,435
481,610,409,610,458,996,498,1004,439
482,610,408,610,457,997,496,1004,436
483,609,409,610,459,996,494,1004,435
484,609,410,610,460,996,496,1004,437
485,608,408,609,458,995,496,1003,437
486,608,413,609,462,996,497,1004,437
487,610,409,610,458,996,499,1004,439
488,609,409,610,458,995,496,1003,437
489,609,410,610,461,995,495,1003,435
490,608,411,610,461,996,495,1003,435
491,608,408,609,458,995,495,1004,436
492,608,414,609,463,995,500,1002,439
493,607,410,608,459,995,494,1003,435
494,609,409,609,458,995,493,1002,435
495,608,409,610,458,995,497,1003,437
496,608,412,609,462,994,496,1002,437
497,608,410,609,460,995,494,1002,434
498,608,414,609,463,994,496,1001,436
499,607,414,609,465,995,495,1002,435
500,608,412,609,462,995,497,1001,437
501,607,414,608,464,994,495,1001,436
502,609,413,610,463,995,497,1002,438
503,608,408,609,459,995,494,1002,433
504,610,414,611,464,995,496,1003,436
505,607,415,609,465,994,497,1002,438
506,607,411,608,461,994,494,1001,435
507,608,414,610,464,994,498,1002,438
508,608,412,610,463,994,497,1002,437
509,607,413,609,464,994,495,1001,435
510,608,409,610,458,995,493,1003,434
511,607,412,610,463,995,492,1004,433
512,608,411,609,461,993,495,1001,434
513,608,414,610,463,995,496,1003,438
514,608,411,610,461,995,493,1003,435
515,609,411,610,461,995,491,1003,432
516,608,411,610,459,995,494,1002,435
517,609,413,611,463,996,494,1004,435
518,609,414,611,464,995,495,1003,436
519,608,414,611,463,997,494,1004,435
520,609,408,610,458,997,490,1004,432
521,609,411,612,459,995,493,1003,434
522,610,414,611,464,995,495,1003,436
523,610,411,612,461,996,496,1004,437
524,610,410,612,460,996,493,1004,435
525,608,413,611,463,995,495,1003,437
526,610,412,612,462,997,494,1005,435
527,610,411,612,461,996,493,1004,435
528,610,413,611,461,996,495,1003,436
529,610,412,612,463,996,492,1004,433
530,610,412,612,463,996,494,1003,436
531,610,416,613,467,996,497,1004,438
532,610,413,612,463,996,495,1005,437
533,610,412,612,463,996,497,1004,439
534,610,413,613,463,997,496,1005,437
535,611,418,615,469,996,499,1005,441
536,612,417,616,469,996,500,1005,442
537,612,418,616,469,997,499,1006,441
538,611,415,614,467,996,501,1006,442
539,611,417,615,468,998,500,1007,441
540,612,414,616,465,997,496,1006,438
541,611,418,615,470,998,502,1007,443
542,614,416,619,467,997,498,1007,439
543,613,417,617,468,997,498,1006,440
544,613,416,618,467,997,498,1006,439
545,614,416,618,467,997,497,1005,439
546,611,417,616,469,997,497,1007,439
547,613,415,617,466,998,497,1007,438
548,613,415,616,464,998,494,1007,437
549,613,414,616,463,996,494,1004,437
550,611,411,615,461,998,493,1006,436
551,611,408,614,458,998,490,1006,434
552,612,411,616,459,998,491,1006,435
553,612,408,615,458,999,488,1007,432
554,612,412,615,461,999,492,1007,437
555,612,411,616,460,998,493,1005,438
556,611,411,614,460,1000,487,1007,434
557,613,408,615,457,999,490,1007,435
558,614,405,616,452,1000,486,1008,432
559,613,406,616,454,1000,487,1007,433
560,612,403,615,452,999,484,1007,430
561,613,402,615,451,1002,484,1008,429
562,612,405,615,453,1001,484,1007,429
563,615,406,616,454,1001,486,1008,431
564,613,406,615,455,1000,485,1007,432
565,614,408,617,457,1002,486,1009,432
566,613,409,616,458,1001,489,1008,436
567,614,405,615,453,1003,483,1009,430
568,614,405,615,452,1005,485,1012,431
569,614,405,615,453,1002,483,1009,430
570,614,406,615,453,1002,486,1009,433
571,613,407,615,456,1002,488,1008,434
572,616,406,618,453,1000,489,1007,436
573,614,408,616,455,1001,489,1007,436
574,614,405,615,453,1003,486,1009,433
575,614,405,615,453,1001,486,1008,433
576,613,405,615,454,1002,488,1008,434
577,614,405,614,453,1001,488,1007,434
578,615,405,616,452,1002,486,1008,432
579,613,408,615,456,1000,488,1006,435
580,615,407,616,454,1003,489,1009,435
581,614,404,616,452,1002,485,1008,431
582,615,401,616,448,1001,486,1007,433
583,613,403,615,452,1001,489,1007,435
584,615,405,616,453,1004,484,1010,430
585,613,401,614,450,1002,486,1008,433
586,613,403,615,451,1001,479,1007,426
587,613,400,614,449,1001,484,1007,430
588,614,402,613,450,1002,482,1006,427
589,614,403,615,451,1000,482,1006,428
590,613,404,614,452,1000,484,1005,430
591,614,404,614,451,1002,481,1008,428
592,614,401,615,450,1001,484,1007,429
593,613,402,614,451,1002,484,1007,430
594,613,404,615,451,1001,481,1007,428
595,613,403,614,451,1002,482,1008,428
596,613,401,614,450,1003,481,1008,427
597,613,400,614,448,1002,478,1007,424
598,614,402,614,450,1002,479,1006,425
599,614,402,614,450,1002,476,1006,423
600,614,402,614,450,1003,478,1008,424
601,614,404,615,452,1002,481,1007,427
602,614,404,614,452,1002,483,1007,430
603,614,403,614,451,1002,483,1008,430
604,614,402,616,450,1002,483,1008,429
605,614,402,615,449,1001,483,1008,429
606,613,402,615,451,1000,482,1006,428
607,613,405,614,452,1001,485,1007,431
608,615,407,616,455,1002,487,1009,433
609,613,405,615,453,1001,481,1006,428
610,613,407,615,456,1003,484,1008,431
611,614,406,615,454,1003,484,1009,431
612,613,405,616,452,1002,485,1009,431
613,614,404,617,452,1001,483,1007,429
614,614,402,616,450,1002,483,1009,428
615,614,403,615,450,1001,486,1007,433
616,613,405,615,454,1002,484,1008,430
617,613,406,614,455,1000,487,1006,433
618,615,406,617,455,1002,484,1008,431
619,613,404,615,452,1000,485,1007,431
620,613,405,615,453,1002,483,1008,430
621,614,405,615,453,1001,485,1008,432
622,614,405,615,453,1000,485,1008,431
623,614,409,616,456,1000,488,1007,435
624,614,405,616,452,999,485,1006,431
625,613,406,614,454,1001,487,1007,433
626,613,405,614,454,1001,487,1007,433
627,613,409,615,457,1000,486,1006,433
628,613,408,615,456,999,485,1005,432
629,614,404,616,451,1001,483,1007,429
630,614,406,616,452,999,482,1005,429
631,613,407,615,454,1001,486,1007,432
632,614,406,616,453,1000,483,1007,431
633,613,407,615,454,1001,488,1008,434
634,614,410,616,457,1000,488,1006,434
635,613,408,615,455,1002,486,1008,433
636,613,406,616,454,1001,487,1008,433
637,614,409,617,457,1001,486,1008,433
638,613,409,616,457,1000,486,1006,432
639,614,411,617,458,1000,488,1007,435
640,612,411,616,459,1000,488,1007,434
641,614,409,616,457,1001,488,1007,434
642,614,410,618,458,998,488,1006,433
643,613,410,616,459,999,489,1007,435
644,614,411,617,460,999,488,1007,433
645,613,412,616,461,1000,489,1007,435
646,612,410,615,459,999,487,1006,432
647,612,414,616,464,999,489,1007,434
648,615,414,619,464,999,489,1007,435
649,614,414,617,464,1002,491,1010,436
650,614,418,618,468,999,492,1006,437
651,613,415,616,465,999,490,1006,434
652,614,418,618,470,1000,492,1007,436
653,614,420,618,471,998,493,1006,437
654,615,417,620,468,999,492,1007,436
655,615,417,620,468,1000,490,1007,434
656,615,416,620,467,1002,488,1009,432
657,616,417,621,468,1000,490,1006,433
658,615,414,620,464,1001,488,1008,431
659,613,414,617,464,1001,489,1008,432
660,613,418,619,468,1000,490,1007,433
661,612,415,616,464,1000,489,1008,432
662,611,416,616,465,1001,490,1008,434
663,612,414,616,464,1000,489,1008,433
664,613,420,618,469,1003,492,1010,435
665,613,419,615,467,1002,483,1008,427
666,611,419,614,467,1002,494,1009,438
667,612,418,616,467,1001,491,1007,435
668,612,420,615,469,1002,493,1009,436
669,612,419,614,466,1000,491,1006,434
670,611,422,615,469,1002,484,1008,428
671,612,421,614,468,1002,483,1007,427
672,612,420,614,468,1001,481,1007,425
673,611,421,614,468,1003,484,1009,428
674,612,421,615,469,1002,484,1008,427
675,611,421,614,470,1001,484,1007,428
676,611,424,615,472,1002,484,1008,427
677,612,426,616,473,1002,486,1008,430
678,611,426,616,473,1003,485,1009,428
679,611,427,616,475,1001,485,1007,429
680,612,425,616,474,1002,484,1007,428
681,611,425,615,474,1003,484,1009,428
682,612,426,616,475,1001,485,1007,428
683,611,425,615,473,1001,484,1007,427
684,610,423,614,473,1002,484,1009,427
685,611,425,615,475,1002,482,1008,426
686,610,427,615,476,1002,483,1007,426
687,611,426,615,475,1002,484,1008,427
688,611,427,615,476,1001,484,1007,428
689,612,426,616,475,1002,484,1008,427
690,612,427,616,476,1002,483,1007,427
691,611,424,615,473,1003,484,1009,427
692,613,427,617,476,1002,487,1009,429
693,610,425,614,474,1003,486,1009,429
694,612,427,616,476,1002,483,1007,427
695,612,428,616,477,1001,484,1007,428
696,613,427,617,475,1002,485,1008,428
697,610,424,615,474,1002,486,1008,429
698,612,428,617,477,1001,486,1007,429
699,612,423,616,472,1001,481,1007,425
700,612,426,617,475,1002,486,1009,430
701,612,429,616,478,1002,487,1009,431
702,612,425,617,475,1002,485,1008,428
703,612,427,617,477,1002,487,1007,431
704,613,427,617,476,1001,488,1008,431
705,612,425,616,474,1002,486,1008,429
706,613,428,617,477,1002,487,1009,430
707,611,425,616,474,1002,485,1009,428
708,612,425,616,474,1003,485,1008,428
709,613,425,617,474,1002,484,1008,428
710,612,424,616,474,1003,484,1009,428
711,611,423,615,472,1002,486,1008,428
712,612,423,616,473,1002,486,1008,429
713,612,427,617,476,1002,489,1009,432
714,613,428,617,477,1001,486,1008,429
715,612,426,617,476,1003,487,1009,430
716,611,424,616,473,1002,488,1008,430
717,613,426,616,475,1002,487,1009,430
718,614,426,618,476,1002,489,1009,432
719,613,427,617,476,1003,488,1009,431
720,612,426,616,475,1003,487,1009,429
721,612,429,616,478,1003,489,1009,431
722,613,428,617,477,1002,488,1009,432
723,612,425,617,475,1002,487,1009,430
724,611,427,616,477,1002,489,1009,432
725,611,426,615,475,1002,486,1008,429
726,612,428,616,477,1002,489,1008,432
727,611,427,616,477,1003,488,1009,430
728,612,423,616,472,1002,486,1008,429
729,611,425,616,475,1002,489,1009,431
730,611,426,615,476,1002,487,1008,429
731,611,426,616,476,1001,488,1007,431
732,613,428,617,478,1001,488,1007,431
733,611,425,615,474,1003,487,1009,430
734,611,427,616,478,1003,490,1009,432
735,613,426,617,476,1002,488,1009,431
736,611,426,616,476,1001,488,1007,431
737,612,424,615,474,1002,487,1009,430
738,613,428,617,477,1002,489,1009,431
739,612,427,616,476,1002,487,1008,430
740,613,427,617,476,1002,488,1009,431
741,611,429,616,479,1002,488,1008,431
742,612,425,617,476,1003,488,1009,431
743,612,424,616,475,1002,485,1008,428
744,612,429,617,478,1003,485,1009,429
745,612,428,617,478,1003,486,1010,429
746,612,429,617,479,1003,487,1009,430
747,612,429,617,479,1003,487,1009,430
748,613,425,617,476,1004,487,1010,429
749,613,427,618,478,1003,485,1009,428
750,612,427,617,477,1004,486,1010,428
751,611,427,615,477,1004,484,1009,426
752,613,426,617,477,1005,483,1010,425
753,611,422,616,473,1004,481,1009,422
754,614,426,618,477,1004,485,1009,426
755,614,424,618,475,1004,485,1009,426
756,614,426,618,478,1004,488,1010,428
757,614,425,618,478,1001,488,1007,428
758,615,425,618,476,1002,486,1009,427
759,615,422,618,473,1001,487,1008,427
760,614,421,619,473,999,496,1009,437
761,614,421,620,473,997,497,1006,438
762,615,419,619,469,999,489,1008,430
763,613,420,617,470,998,488,1006,429
764,615,418,619,467,999,486,1007,427
765,618,422,624,473,997,498,1007,438
766,616,424,623,476,996,497,1006,438
767,618,423,623,474,996,499,1006,441
768,617,426,623,477,995,500,1006,441
769,619,428,625,477,994,500,1004,441
770,616,423,622,474,996,497,1006,439
771,618,425,624,475,995,499,1005,442
772,616,422,621,471,995,497,1005,440
773,617,424,622,473,995,497,1005,439
774,617,424,622,473,994,499,1005,442
775,616,423,621,473,994,499,1004,442
776,617,425,621,473,996,497,1005,441
777,616,422,621,471,993,497,1003,440
778,618,423,624,472,995,496,1005,441
779,618,422,624,471,993,496,1003,441
780,616,420,622,468,993,496,1003,440
781,615,420,621,468,994,496,1004,440
782,617,426,622,475,992,498,1002,443
783,616,423,622,471,993,497,1003,442
784,616,422,621,471,994,494,1003,439
785,616,423,623,471,993,498,1003,443
786,617,422,622,471,994,493,1003,438
787,614,420,620,469,992,495,1001,439
788,615,424,620,473,994,494,1003,439
789,614,420,620,469,994,492,1003,436
790,615,419,620,468,993,492,1001,436
791,616,419,621,467,995,489,1003,433
792,614,416,620,465,994,488,1002,432
793,616,417,622,466,995,491,1004,434
794,617,421,622,470,993,492,1001,435
795,614,419,619,468,994,488,1001,432
796,615,420,621,470,994,493,1002,436
797,615,421,620,470,995,491,1002,435
798,614,419,620,468,994,490,1002,434
799,614,420,621,469,995,491,1004,435
800,614,420,620,469,993,493,1002,437
801,616,423,622,472,994,494,1002,438
802,614,421,621,469,993,496,1002,440
803,615,424,621,472,993,495,1002,439
804,615,422,622,470,993,496,1002,440
805,614,420,621,470,995,495,1004,439
806,618,424,624,472,994,499,1004,443
807,616,424,621,473,993,498,1002,442
808,615,422,621,471,992,498,1002,442
809,614,423,621,472,995,497,1004,440
810,619,429,625,477,992,501,1002,445
811,617,424,623,472,993,498,1002,443
812,615,426,621,476,993,499,1002,443
813,615,425,621,472,993,498,1003,443
814,617,428,623,477,993,501,1003,445
815,617,427,623,474,992,500,1003,445
816,617,424,623,472,994,499,1003,444
817,615,424,620,473,993,498,1003,443
818,617,424,623,473,994,497,1003,442
819,619,425,625,473,992,498,1002,444
820,616,426,622,474,993,498,1002,443
821,616,425,622,473,993,501,1002,446
822,617,425,622,473,995,498,1005,443
823,618,423,623,471,994,498,1004,442
824,615,422,621,470,993,497,1003,442
825,616,424,622,473,993,500,1003,444
826,616,420,622,468,995,497,1005,442
827,619,429,624,476,993,502,1003,446
828,617,425,623,472,994,498,1004,443
829,621,424,626,473,993,501,1003,445
830,618,420,623,468,994,497,1004,441
831,616,417,622,466,995,496,1004,440
832,617,426,623,474,993,499,1003,443
833,619,422,624,470,993,497,1004,441
834,617,424,623,472,994,498,1003,443
835,618,420,624,469,995,495,1004,440
836,616,421,622,469,995,495,1004,441
837,617,422,623,470,995,495,1004,440
838,616,421,621,470,993,499,1003,443
839,618,424,623,472,993,500,1003,445
840,618,420,623,468,994,495,1004,440
841,618,424,623,473,993,499,1003,444
842,617,423,623,472,993,498,1004,443
843,621,421,625,468,994,498,1004,442
844,618,420,623,468,995,497,1005,441
845,616,422,622,471,994,499,1005,444
846,618,420,622,468,996,496,1006,441
847,619,424,624,471,995,501,1005,446
848,619,423,624,470,994,499,1005,444
849,620,423,625,471,995,500,1006,444
850,616,422,622,471,995,500,1006,445
851,619,425,623,473,994,502,1005,447
852,617,423,622,472,995,500,1006,444
853,617,425,622,474,997,499,1007,443
854,617,420,622,468,997,498,1008,443
855,616,421,621,470,996,501,1007,445
856,619,427,623,476,995,504,1006,448
857,616,418,622,468,997,500,1008,444
858,617,424,622,474,997,504,1008,448
859,616,424,621,474,997,503,1009,446
860,617,426,622,476,997,504,1008,447
861,617,425,622,475,999,505,1010,447
862,616,426,620,476,997,504,1008,445
863,616,426,621,476,1002,503,1011,445
864,617,425,621,475,1001,501,1010,444
865,617,426,622,476,1001,503,1011,444
866,617,427,622,477,1001,503,1011,445
867,619,428,623,478,1002,502,1011,443
868,617,424,623,474,1001,501,1012,443
869,617,427,622,476,1002,503,1012,445
870,616,424,621,474,1002,500,1011,441
871,618,426,623,476,1002,502,1012,444
872,617,429,622,480,1003,502,1012,444
873,618,428,623,479,1002,502,1011,444
874,619,428,624,479,1004,501,1012,443
875,617,426,623,477,1002,501,1012,443
876,619,428,624,480,1005,500,1013,442
877,618,426,623,477,1005,500,1014,442
878,618,428,623,479,1006,501,1015,443
879,619,423,623,475,1005,501,1014,442
880,619,425,623,474,1002,508,1013,452
881,617,421,621,472,1000,507,1010,450
882,619,417,623,468,1002,509,1012,450
883,618,421,622,472,1001,507,1012,449
884,619,424,623,474,1005,499,1014,441
885,618,423,622,473,1006,497,1015,439
886,618,420,622,470,1004,498,1013,440
887,619,421,623,470,1005,497,1014,440
888,617,420,621,470,1004,495,1013,439
889,618,416,622,465,1004,491,1012,434
890,617,415,621,464,1001,498,1010,443
891,619,417,622,466,1001,504,1011,448
892,617,415,622,464,1001,501,1010,447
893,618,413,621,461,1001,500,1011,444
894,617,419,620,466,1001,505,1011,449
895,618,413,621,463,1005,489,1012,433
896,617,413,620,463,1005,488,1013,433
897,618,413,621,461,1004,490,1013,435
898,618,414,621,463,1004,489,1012,434
899,618,411,620,460,1004,489,1013,434
900,618,413,621,461,1004,488,1013,433
901,618,411,620,459,1004,486,1012,431
902,617,412,620,461,1004,488,1014,432
903,617,410,619,457,1005,487,1014,431
904,617,412,620,461,1003,489,1013,433
905,617,412,620,461,1004,490,1014,433
906,617,413,620,462,1003,491,1012,434
907,617,411,620,458,1004,488,1013,432
908,617,412,620,460,1004,488,1014,432
909,618,412,621,460,1003,487,1013,431
910,618,411,620,459,1004,489,1014,433
911,618,410,620,458,1002,489,1012,433
912,617,409,619,457,1003,485,1012,429
913,617,409,619,458,1002,487,1011,431
914,618,412,620,460,1003,487,1011,432
915,616,412,620,461,1003,485,1012,430
916,619,409,624,450,1010,462,1016,412
917,618,409,621,457,1003,480,1011,424
918,618,409,624,451,1010,468,1018,417
919,618,411,624,454,1009,472,1017,420
920,615,410,620,453,1008,475,1016,423
921,615,413,620,457,1011,475,1018,423
922,617,409,621,453,1010,471,1017,420
923,617,411,622,455,1009,473,1016,422
924,615,414,618,458,1008,476,1015,425
925,614,412,617,456,1010,478,1017,426
926,617,414,620,458,1011,478,1018,428
927,616,412,618,458,1009,478,1017,425
928,616,410,619,455,1010,477,1018,425
929,616,411,619,457,1009,476,1018,422
930,616,416,618,461,1006,480,1013,427
931,618,416,620,462,1006,483,1013,428
932,616,415,619,460,1007,478,1014,425
933,618,417,620,463,1007,480,1015,425
934,618,417,619,463,1005,481,1012,427
935,617,419,620,465,1007,481,1014,428
936,616,418,619,464,1005,480,1012,427
937,616,418,620,465,1006,478,1013,425
938,616,419,619,465,1007,479,1014,426
939,617,421,621,467,1005,480,1012,428
940,616,420,620,464,1005,476,1011,425
941,618,413,624,454,1010,465,1016,414
942,620,414,626,457,1011,468,1018,415
943,617,414,621,459,1010,475,1017,422
944,616,414,621,460,1007,472,1014,420
945,617,414,619,459,1007,473,1014,421
946,617,415,620,461,1008,470,1015,419
947,619,415,625,458,1011,468,1017,416
948,618,414,623,457,1010,466,1016,413
949,618,410,623,453,1008,467,1015,415
950,619,414,626,457,1012,465,1017,413
951,619,417,625,460,1010,469,1016,417
952,620,415,626,457,1010,465,1017,414
953,617,416,623,459,1010,463,1016,412
954,618,414,623,457,1010,468,1017,416
955,618,416,623,459,1008,466,1014,413
956,618,414,623,458,1011,466,1018,414
957,615,416,617,462,1007,474,1015,420
958,616,415,618,465,1002,481,1009,426
959,616,414,619,464,1002,482,1010,428
960,616,415,619,464,1002,485,1009,431
961,615,412,618,462,1001,482,1008,427
962,616,412,619,461,1003,482,1010,427
963,616,414,619,463,1001,480,1007,427
964,617,420,620,469,1003,481,1011,428
965,616,420,620,469,1003,480,1011,426
966,617,419,620,469,1002,482,1010,428
967,616,421,619,471,1002,484,1010,430
968,616,420,620,470,1003,480,1010,425
969,616,419,619,469,1003,485,1010,431
970,617,415,619,464,1002,480,1010,426
971,616,418,619,466,1002,481,1010,426
972,617,419,619,467,1003,483,1010,429
973,617,416,619,465,1003,482,1010,427
974,616,416,620,465,1003,481,1011,425
975,616,415,619,464,1002,482,1009,427
976,617,415,619,465,1003,481,1010,427
977,616,417,620,467,1001,481,1008,427
978,617,416,619,465,1003,483,1010,429
979,616,414,619,464,1003,484,1010,429
980,617,416,619,465,1005,483,1012,429
981,615,415,618,464,1003,483,1011,429
982,616,414,618,464,1001,483,1008,429
983,615,416,618,466,1003,485,1009,430
984,615,414,617,463,1002,488,1009,433
985,616,418,619,467,1003,483,1009,429
986,616,416,618,465,1003,486,1010,431
987,614,415,617,465,1002,493,1010,440
988,615,410,616,464,1002,492,1009,438
989,615,413,616,462,1003,481,1010,427
990,617,416,619,466,1003,493,1011,439
991,616,415,618,465,1002,492,1010,438
992,616,412,618,462,1002,492,1010,438
993,617,413,619,463,1002,495,1009,441
994,615,414,617,463,1001,496,1009,441
995,615,412,617,462,1002,493,1010,438
996,616,410,618,460,1002,491,1010,436
997,617,415,619,465,1001,494,1008,440
998,616,414,618,464,1001,495,1009,441
999,615,412,617,462,1000,497,1007,443
1000,614,412,617,462,1000,496,1008,440
1001,616,410,618,461,1000,496,1008,441
1002,624,413,626,463,1011,491,1018,436
1003,614,413,616,463,1002,494,1009,439
1004,616,414,618,464,1002,496,1009,441
1005,614,412,616,461,1000,496,1008,441
1006,616,414,619,465,1001,497,1010,443
1007,614,410,616,461,1001,497,1009,441
1008,616,417,619,467,1001,499,1009,444
1009,616,415,619,465,1001,498,1009,443
1010,615,416,618,467,1001,498,1010,443
1011,614,414,617,464,1003,497,1011,443
1012,616,416,618,467,1002,494,1010,440
1013,616,419,619,469,1001,499,1010,443
1014,616,417,620,468,1002,498,1011,443
1015,615,418,619,468,1003,500,1011,444
1016,616,416,619,467,1001,497,1010,441
1017,615,413,618,464,1002,497,1010,442
1018,615,415,619,467,1002,498,1010,442
1019,613,412,616,463,1002,496,1010,439
1020,614,416,618,466,1002,498,1010,442
1021,614,416,617,467,1004,500,1012,444
1022,612,414,615,466,1001,497,1009,440
1023,613,415,617,466,1002,499,1011,441
1024,615,416,618,466,1003,495,1011,438
1025,612,409,614,459,1002,494,1010,437
1026,614,415,618,465,1001,498,1010,440
1027,613,413,615,462,1002,496,1009,438
1028,615,415,618,466,1002,497,1010,440
1029,612,413,614,464,1002,494,1009,438
1030,613,413,616,465,1001,497,1009,440
1031,615,415,618,466,1002,499,1010,442
1032,614,416,617,466,1002,499,1010,442
1033,614,416,618,467,1003,498,1011,441
1034,616,415,619,466,1002,500,1010,443
1035,614,414,618,465,1000,500,1010,441
1036,613,415,617,467,1001,497,1010,440
1037,614,418,617,470,999,501,1009,443
1038,614,415,617,466,1002,497,1010,440
1039,613,417,616,469,1002,498,1011,441
1040,615,418,619,468,1000,501,1010,444
1041,613,419,617,470,1001,501,1009,443
1042,614,419,618,470,1003,498,1011,441
1043,613,417,617,467,1002,499,1010,442
1044,614,418,618,470,1000,503,1009,444
1045,613,420,617,471,1000,503,1009,445
1046,612,421,615,470,1000,499,1009,441
1047,613,420,616,469,1001,497,1010,440
1048,614,422,618,473,1001,503,1009,445
1049,613,418,617,469,1002,499,1010,442
1050,614,416,617,468,1000,500,1008,442
1051,614,417,617,469,1001,503,1011,444
1052,613,418,618,469,1000,497,1009,439
1053,614,415,617,467,1000,499,1008,442
1054,613,420,617,470,1000,500,1008,442
1055,614,418,617,470,1000,497,1008,441
1056,614,416,616,467,1000,497,1008,440
1057,611,418,615,469,999,497,1008,440
1058,613,417,616,468,1002,493,1009,437
1059,612,415,615,467,1000,494,1008,438
1060,613,418,616,469,999,496,1007,440
1061,614,417,617,468,1001,494,1008,438
1062,615,419,618,470,1000,497,1008,440
1063,615,421,618,473,1000,496,1008,439
1064,615,419,618,471,1000,497,1007,439
1065,615,422,619,473,999,498,1007,441
1066,614,419,617,471,998,498,1006,440
1067,615,419,618,471,998,499,1006,441
1068,615,420,617,471,999,500,1007,442
1069,616,418,619,470,1000,496,1008,438
1070,615,421,619,473,1000,499,1008,441
1071,616,421,620,473,1000,498,1007,441
1072,615,423,618,474,999,498,1007,441
1073,615,421,619,472,1000,501,1008,443
1074,615,416,618,468,1000,497,1008,438
1075,615,417,618,469,1000,497,1008,440
1076,615,417,619,468,999,497,1008,438
1077,615,418,618,469,1000,500,1008,441
1078,615,420,619,472,999,503,1008,445
1079,617,417,620,468,1000,499,1008,441
1080,616,414,619,466,998,497,1007,439
1081,616,417,620,469,999,498,1007,440
1082,617,420,623,470,997,501,1007,444
1083,617,421,623,470,998,500,1007,442
1084,615,416,621,465,997,497,1006,440
1085,616,419,620,470,997,499,1008,442
1086,618,417,623,468,996,499,1006,443
1087,618,417,622,467,997,500,1007,443
1088,617,425,621,475,997,502,1007,446
1089,619,421,622,471,996,505,1008,448
1090,618,423,622,472,995,502,1006,446
1091,618,416,622,466,997,501,1008,445
1092,618,420,622,469,996,502,1007,446
1093,619,418,622,468,996,503,1007,447
1094,618,425,622,474,996,504,1007,449
1095,620,420,623,469,996,503,1007,447
1096,619,419,622,469,996,504,1007,447
1097,621,420,624,470,995,504,1006,449
1098,618,420,621,469,994,505,1006,449
1099,619,422,622,471,995,505,1007,449
1100,615,414,619,463,997,500,1008,443
1101,619,417,622,467,995,501,1006,445
1102,621,413,623,462,998,497,1008,440
1103,616,417,621,466,996,497,1005,441
1104,620,413,624,463,997,494,1007,438
1105,619,414,623,464,996,494,1006,438
1106,618,413,622,463,996,492,1006,436
1107,620,416,624,467,996,496,1006,440
1108,620,415,624,465,998,496,1008,440
1109,620,414,624,464,999,495,1009,440
1110,619,414,623,464,997,494,1007,439
1111,617,418,622,466,1000,491,1009,435
1112,618,420,622,468,1000,492,1008,435
1113,618,418,622,466,1001,491,1009,435
1114,618,416,622,464,998,491,1007,435
1115,618,419,623,467,998,491,1007,435
1116,618,421,623,470,1000,492,1008,437
1117,619,422,623,470,999,496,1008,440
1118,619,422,623,470,1001,493,1010,438
1119,618,420,622,469,1001,491,1010,435
1120,618,419,622,467,1001,492,1010,436
1121,618,422,622,471,1000,493,1008,437
1122,618,422,622,470,1000,493,1009,437
1123,618,421,623,469,1000,495,1009,439
1124,620,422,625,470,1001,493,1009,437
1125,620,417,625,467,998,497,1009,442
1126,619,422,623,470,1001,495,1010,439
1127,618,422,622,470,1002,495,1011,439
1128,616,422,621,471,1002,492,1011,436
1129,618,421,622,469,1000,494,1009,438
1130,617,421,622,469,1002,493,1012,437
1131,617,424,622,472,999,494,1008,437
1132,617,425,622,473,999,493,1009,438
1133,617,422,622,471,999,493,1008,437
1134,617,425,622,473,1000,494,1009,439
1135,617,423,621,472,999,493,1008,437
1136,617,423,622,471,999,496,1008,441
1137,620,423,625,472,999,499,1008,444
1138,617,425,621,473,999,497,1009,441
1139,616,426,621,474,998,497,1008,442
1140,620,424,625,473,998,501,1009,446
1141,619,424,623,473,998,502,1008,447
1142,619,421,624,470,997,499,1008,444
1143,622,423,626,472,998,499,1008,444
1144,621,423,627,472,997,499,1007,445
1145,620,424,624,474,998,499,1008,445
1146,616,428,621,475,999,497,1008,442
1147,616,425,621,473,999,497,1008,442
1148,621,422,625,471,996,498,1006,444
1149,621,423,626,472,997,502,1008,447
1150,621,420,625,468,998,496,1008,443
1151,619,422,624,471,997,500,1007,445
1152,619,421,623,470,997,497,1007,443
1153,619,421,623,470,998,500,1008,446
1154,618,421,623,470,996,501,1006,446
1155,621,422,624,471,997,500,1007,446
1156,620,421,624,470,998,498,1008,443
1157,618,423,623,472,997,503,1008,448
1158,620,421,625,470,998,501,1009,447
1159,618,422,623,470,997,499,1007,444
1160,619,420,623,470,999,498,1009,443
1161,618,421,622,471,997,500,1008,445
1162,618,423,623,472,996,502,1007,447
1163,618,421,623,470,997,501,1008,446
1164,619,427,624,476,995,502,1007,446
1165,620,426,625,476,998,502,1009,446
1166,620,423,625,473,997,501,1008,446
1167,618,423,624,474,996,504,1008,448
1168,621,423,625,474,996,502,1008,446
1169,622,426,626,476,998,504,1009,448
1170,618,426,624,476,997,505,1008,449
1171,617,426,622,477,996,506,1008,449
1172,618,428,623,478,999,502,1010,446
1173,617,429,622,479,997,508,1009,453
1174,617,426,623,476,999,506,1011,450
1175,616,425,622,475,998,506,1010,450
1176,616,425,622,475,999,506,1011,449
1177,615,418,618,468,1001,493,1011,436
1178,617,424,622,475,996,507,1009,449
1179,618,417,620,466,1000,496,1012,438
1180,614,420,616,470,999,500,1010,441
1181,617,421,619,471,1000,498,1010,439
1182,616,422,620,472,997,512,1010,453
1183,616,418,620,468,997,510,1011,452
1184,616,419,619,469,995,508,1008,449
1185,615,414,617,464,999,500,1010,440
1186,616,417,618,468,995,512,1008,452
1187,615,420,617,471,995,514,1007,454
1188,615,417,617,468,994,513,1007,452
1189,615,418,617,469,995,513,1007,452
1190,614,417,616,469,995,511,1007,451
1191,615,417,616,468,996,511,1008,450
1192,613,415,615,466,997,512,1009,450
1193,614,417,616,468,995,514,1007,454
1194,614,417,616,467,997,510,1009,450
1195,614,414,615,464,997,509,1008,448
1196,612,409,614,460,995,509,1007,449
1197,615,408,615,458,996,509,1007,450
1198,612,411,614,462,996,511,1008,450
1199,612,411,614,461,995,508,1007,448
1200,613,410,613,460,996,506,1006,448
1201,612,405,613,455,994,509,1006,450
1202,611,408,611,459,995,509,1006,450
1203,612,408,612,457,995,507,1006,449
1204,612,409,612,458,995,509,1007,450
1205,612,409,613,458,996,507,1007,448
1206,613,405,613,452,995,504,1006,446
1207,611,408,612,456,994,505,1006,446
1208,611,407,611,455,994,507,1005,447
1209,611,406,611,454,995,504,1006,444
1210,610,406,611,455,996,504,1008,443
1211,610,406,611,455,994,503,1006,444
1212,611,407,611,455,993,504,1005,446
1213,611,408,611,455,995,501,1007,442
1214,611,404,611,453,997,499,1007,440
1215,612,406,612,454,996,502,1008,444
1216,611,410,612,458,995,502,1006,444
1217,610,409,611,458,997,503,1008,446
1218,610,411,611,460,997,503,1008,446
1219,611,410,612,458,998,504,1010,447
1220,612,413,613,461,995,504,1006,447
1221,611,410,612,458,997,503,1007,446
1222,611,409,612,458,998,498,1008,442
1223,610,410,611,459,997,502,1008,444
1224,610,413,611,462,997,497,1008,442
1225,611,413,612,461,996,501,1007,445
1226,610,410,612,458,999,501,1010,444
1227,610,409,610,458,998,497,1007,441
1228,611,411,612,459,997,503,1008,446
1229,611,412,611,462,995,498,1005,443
1230,611,415,613,463,994,502,1005,447
1231,610,409,611,458,999,497,1008,442
1232,612,415,614,464,996,503,1006,448
1233,611,408,611,457,998,501,1008,446
1234,611,412,613,460,996,499,1006,445
1235,610,411,611,459,996,499,1006,444
1236,612,409,612,458,997,498,1007,444
1237,614,408,615,456,994,502,1005,447
1238,612,409,612,458,997,498,1006,443
1239,612,409,613,457,996,502,1006,446
1240,612,410,613,459,998,498,1007,443
1241,612,414,613,462,995,501,1006,446
1242,613,412,614,460,995,501,1006,446
1243,612,408,612,457,998,500,1007,445
1244,613,408,614,457,996,499,1005,443
1245,613,408,614,457,997,498,1007,443
1246,613,408,614,457,997,499,1007,443
1247,614,414,617,462,996,501,1007,446
1248,613,414,614,463,998,499,1008,446
1249,613,411,614,461,998,498,1007,444
1250,613,408,614,458,999,497,1009,442
1251,614,407,616,458,1000,498,1012,443
1252,613,410,615,459,1001,497,1011,440
1253,613,408,616,458,1000,496,1010,440
1254,614,411,618,461,1000,496,1010,442
1255,614,407,615,458,1001,494,1010,438
1256,614,414,618,464,1000,502,1009,446
1257,615,411,619,461,998,498,1008,444
1258,616,412,619,462,999,497,1009,443
1259,615,409,619,460,1000,494,1008,440
1260,616,408,620,460,1002,491,1011,437
1261,615,415,618,465,1003,486,1012,430
1262,615,418,619,468,1004,487,1013,432
1263,616,414,622,459,1009,472,1017,419
1264,615,410,619,455,1009,469,1016,416
1265,615,413,620,458,1008,472,1016,419
1266,615,416,621,461,1010,470,1017,417
1267,616,418,622,462,1009,474,1017,421
1268,616,414,621,459,1008,474,1016,421
1269,616,419,620,464,1007,475,1014,422
1270,616,417,621,462,1009,472,1016,420
1271,616,412,620,457,1009,473,1017,420
1272,617,416,622,461,1009,471,1017,418
1273,617,416,623,460,1009,472,1017,420
1274,614,417,619,461,1007,474,1015,422
1275,616,414,618,459,1003,480,1011,428
1276,616,414,619,459,1008,478,1016,426
1277,615,418,617,463,1006,478,1012,427
1278,617,415,619,460,1006,479,1014,427
1279,616,416,618,461,1007,478,1013,427
1280,616,418,619,462,1006,480,1013,428
1281,616,414,620,459,1007,477,1014,425
1282,617,419,621,463,1007,479,1015,427
1283,616,417,620,462,1005,483,1014,430
1284,614,418,618,463,1006,479,1014,427
1285,616,417,619,463,1006,478,1013,426
1286,615,419,618,464,1005,478,1012,425
1287,615,419,619,465,1006,483,1014,430
1288,616,417,620,463,1006,480,1015,427
1289,614,418,618,463,1005,479,1012,426
1290,615,420,618,466,1006,482,1014,428
1291,617,411,621,458,1002,486,1010,431
1292,615,424,618,470,1006,485,1014,432
1293,615,421,619,467,1006,479,1013,427
1294,615,415,618,459,1007,479,1015,426
1295,615,418,618,464,1005,485,1013,432
1296,615,415,620,459,1008,475,1015,424
1297,615,414,619,459,1008,480,1015,427
1298,615,411,618,456,1006,480,1013,427
1299,615,410,617,455,1007,479,1013,426
1300,616,410,619,453,1005,477,1012,424
1301,615,410,617,455,1005,479,1012,426
1302,615,412,618,457,1005,478,1012,427
1303,615,414,618,460,1007,478,1013,425
1304,616,409,620,454,1004,475,1011,423
1305,616,412,618,456,1005,479,1012,426
1306,614,406,617,452,1003,475,1010,424
1307,618,411,621,459,1004,482,1012,426
1308,619,412,623,460,1004,481,1011,425
1309,618,412,622,461,1004,484,1012,428
1310,618,413,621,460,1004,484,1012,428
1311,618,412,621,461,1003,481,1010,425
1312,617,413,621,462,1005,480,1011,425
1313,620,413,623,461,1006,477,1012,422
1314,618,412,622,461,1006,479,1012,424
1315,619,414,622,463,1005,480,1012,425
1316,618,413,621,461,1005,478,1011,424
1317,617,413,620,462,1006,482,1013,427
1318,618,415,621,463,1005,483,1012,428
1319,618,414,622,462,1006,480,1013,425
1320,617,416,621,464,1006,481,1012,426
1321,618,416,621,463,1005,482,1012,427
1322,617,415,620,463,1005,480,1011,425
1323,617,414,620,462,1006,480,1012,425
1324,617,413,620,460,1006,480,1013,425
1325,617,415,620,463,1006,482,1012,427
1326,618,417,621,465,1006,481,1012,426
1327,618,418,621,466,1005,481,1011,426
1328,617,419,620,468,1004,481,1010,425
1329,617,415,620,463,1006,481,1011,426
1330,617,418,620,467,1006,481,1012,425
1331,617,415,620,463,1005,480,1011,424
1332,617,417,619,465,1006,481,1012,425
1333,617,416,621,465,1005,484,1011,427
1334,616,419,619,466,1005,486,1012,429
1335,617,418,620,466,1005,482,1012,425
1336,615,417,619,465,1006,486,1012,429
1337,616,417,620,465,1005,481,1011,425
1338,615,415,618,463,1005,482,1012,426
1339,617,419,621,467,1003,483,1009,428
1340,615,419,620,467,1002,484,1009,428
1341,616,421,620,469,1003,487,1009,431
1342,616,420,621,469,1002,483,1008,429
1343,616,418,621,467,1003,481,1010,426
1344,616,419,620,468,1002,483,1008,428
1345,616,421,620,470,1002,484,1008,429
1346,616,422,621,471,1004,483,1010,428
1347,614,419,618,469,1002,484,1009,429
1348,614,420,618,470,1003,484,1010,428
1349,614,421,619,470,1003,485,1010,430
1350,614,418,618,468,1002,483,1009,427
1351,614,420,618,468,1001,484,1008,429
1352,614,419,617,467,1002,481,1008,426
1353,614,419,618,468,1001,479,1007,423
1354,614,419,617,468,1003,482,1009,427
1355,614,417,618,467,1002,490,1009,436
1356,614,416,618,466,1004,490,1011,433
1357,614,419,618,469,1002,492,1009,437
1358,614,416,618,467,1004,490,1010,435
1359,613,416,617,466,1003,490,1009,434
1360,614,416,618,466,1004,491,1010,435
1361,613,414,616,464,1004,490,1010,434
1362,613,416,617,466,1002,489,1008,433
1363,614,415,618,466,1004,487,1010,432
1364,614,418,618,469,1004,490,1009,434
1365,615,421,619,472,1003,491,1009,435
1366,614,418,618,469,1004,490,1010,433
1367,614,421,619,473,1004,490,1010,435
1368,614,419,619,470,1004,488,1009,433
1369,613,416,617,468,1005,487,1010,431
1370,613,415,617,466,1005,487,1011,431
1371,614,422,618,471,1004,485,1009,428
1372,613,421,618,473,1004,490,1010,435
1373,615,423,619,472,1004,483,1009,428
1374,615,420,618,469,1003,486,1009,430
1375,616,424,620,473,1004,485,1010,430
1376,616,424,620,473,1003,484,1009,429
1377,615,423,619,472,1004,487,1011,432
1378,616,424,620,474,1003,487,1010,431
1379,616,425,620,475,1004,488,1010,432
1380,616,423,619,473,1004,489,1010,433
1381,616,425,620,475,1004,490,1011,435
1382,616,426,620,476,1003,488,1009,432
1383,615,427,620,477,1004,485,1009,430
1384,616,426,621,476,1003,486,1009,430
1385,615,425,620,475,1004,486,1010,430
1386,615,426,620,475,1004,491,1010,435
1387,615,423,619,473,1003,488,1009,433
1388,616,420,619,470,1004,488,1010,431
1389,616,426,620,475,1003,488,1009,433
1390,615,419,619,468,1003,487,1010,431
1391,615,419,619,469,1004,486,1010,430
1392,616,419,619,469,1004,488,1010,432
1393,615,418,619,467,1003,486,1010,430
1394,616,418,619,467,1004,487,1010,431
1395,616,417,619,467,1001,487,1008,430
1396,615,419,619,469,1002,485,1008,429
1397,615,419,619,469,1002,486,1008,430
1398,615,418,619,469,1002,483,1009,426
1399,616,417,621,466,1003,480,1010,423
1400,615,423,621,475,1004,482,1010,425
1401,614,421,620,472,1002,484,1009,426
1402,616,421,621,472,1002,484,1009,427
1403,616,419,620,469,1003,482,1009,425
1404,615,418,620,469,1002,486,1009,429
1405,616,418,621,469,1003,482,1009,425
1406,616,419,621,469,1003,484,1009,426
1407,616,418,622,468,1002,485,1009,427
1408,617,419,622,470,1003,483,1009,426
1409,615,418,621,468,998,489,1005,432
1410,617,417,621,469,998,491,1005,433
1411,616,415,621,466,997,491,1004,433
1412,618,415,624,465,1000,490,1007,434
1413,618,419,623,470,1000,487,1007,431
1414,616,418,621,469,997,494,1004,436
1415,617,416,622,467,997,493,1004,436
1416,619,415,625,465,999,488,1007,432
1417,617,418,623,468,998,492,1005,436
1418,617,423,622,473,1002,488,1010,431
1419,617,418,622,467,1002,486,1010,429
1420,617,419,622,469,1001,487,1009,431
1421,617,421,621,470,1001,488,1009,432
1422,616,419,621,469,1002,487,1010,431
1423,616,419,621,469,1000,486,1008,430
1424,617,420,622,469,1000,487,1008,431
1425,616,417,620,466,1000,484,1008,428
1426,615,420,619,469,1000,484,1008,428
1427,616,416,620,465,1002,482,1009,426
1428,614,417,619,465,999,487,1006,430
1429,614,417,618,466,1001,492,1008,436
1430,615,416,619,464,1001,489,1008,434
1431,613,415,617,464,1000,489,1007,433
1432,614,414,619,463,1000,489,1007,433
1433,614,413,619,462,998,487,1005,432
1434,613,420,618,468,999,493,1006,437
1435,614,421,619,469,999,491,1006,436
1436,614,420,618,469,1000,493,1007,437
1437,615,421,620,469,998,492,1005,437
1438,615,416,619,465,999,483,1007,427
1439,615,419,619,467,999,486,1007,431
1440,615,420,619,468,998,486,1006,432
1441,615,421,620,469,998,485,1005,430
1442,614,419,619,468,999,484,1006,429
1443,615,422,620,470,999,492,1007,437
1444,614,419,619,467,997,491,1005,437
1445,615,417,619,465,997,492,1005,437
1446,616,419,620,467,998,484,1006,429
1447,617,419,621,467,998,483,1006,427
1448,617,420,622,468,999,483,1007,428
1449,616,418,620,466,999,493,1007,438
1450,616,420,620,468,998,487,1006,431
1451,616,421,621,469,998,484,1006,428
1452,616,420,621,468,998,485,1006,429
1453,616,421,621,470,998,484,1006,429
1454,617,422,622,470,998,486,1006,430
1455,617,419,622,468,998,485,1006,429
1456,616,424,621,472,998,487,1006,430
1457,617,422,622,470,998,485,1006,430
1458,616,422,621,470,998,486,1006,430
1459,617,423,621,470,999,486,1007,431
1460,616,422,621,470,998,485,1006,429
1461,617,420,622,468,998,485,1006,429
1462,615,423,620,470,998,486,1006,430
1463,616,422,621,470,998,486,1006,431
1464,617,420,622,468,997,492,1006,438
1465,617,417,622,466,997,497,1006,441
1466,616,417,621,466,998,492,1006,439
1467,616,418,622,467,996,492,1005,437
1468,616,418,621,467,998,495,1006,440
1469,616,418,621,467,999,496,1007,441
1470,617,414,622,463,997,495,1006,440
1471,616,416,620,464,997,493,1005,438
1472,616,417,621,465,997,496,1005,441
1473,618,416,622,464,997,493,1006,439
1474,617,418,621,466,997,497,1006,443
1475,616,420,621,468,997,496,1005,442
1476,616,417,622,466,997,494,1006,439
1477,617,419,622,467,997,498,1006,442
1478,617,419,622,467,997,497,1006,442
1479,621,423,625,469,995,500,1005,444
1480,616,419,622,468,996,494,1005,440
1481,617,418,622,467,997,491,1005,436
1482,617,423,623,472,995,498,1004,443
1483,617,423,622,471,997,499,1007,443
1484,616,420,622,467,996,497,1006,441
1485,616,424,622,472,999,491,1008,435
1486,615,424,621,472,997,498,1006,442
1487,617,424,623,473,996,502,1006,446
1488,617,425,623,474,997,506,1007,450
1489,616,425,621,474,998,493,1007,437
1490,616,427,621,476,998,498,1009,442
1491,616,425,621,474,999,496,1008,439
1492,615,422,621,472,997,500,1007,444
1493,616,425,621,474,1000,497,1009,440
1494,617,424,622,473,999,498,1009,441
1495,615,423,620,472,1000,496,1009,439
1496,615,423,621,473,1001,496,1010,439
1497,616,424,621,475,1000,496,1010,439
1498,616,423,621,472,1000,496,1009,438
1499,615,425,620,475,1001,495,1009,438
1500,615,425,620,475,1001,496,1010,439
1501,616,426,621,476,1001,497,1010,439
1502,614,427,620,479,998,502,1009,445
1503,616,425,621,476,1000,495,1009,437
1504,616,427,622,478,1000,497,1009,440
1505,615,425,621,475,1001,497,1010,439
1506,615,425,620,475,1000,498,1009,440
1507,615,425,621,475,1000,497,1009,438
1508,615,420,620,472,998,501,1008,444
1509,617,422,622,472,1000,492,1009,435
1510,615,421,620,472,1000,489,1008,433
1511,615,416,620,468,1000,497,1009,440
1512,615,415,620,467,999,496,1008,439
1513,615,414,620,466,998,494,1007,439
1514,616,417,621,468,998,496,1007,440
1515,615,415,620,465,998,494,1006,439
1516,615,411,620,460,999,490,1007,435
1517,615,412,618,462,999,493,1006,438
1518,616,411,619,460,1001,494,1009,439
1519,616,414,619,463,1000,492,1007,436
1520,615,413,618,462,999,491,1006,437
1521,614,412,618,460,999,493,1007,439
1522,615,414,618,462,999,490,1006,436
1523,614,409,616,457,1000,491,1007,436
1524,616,410,619,459,1002,487,1009,434
1525,614,412,617,461,1001,487,1008,433
1526,615,412,617,461,1001,489,1008,436
1527,615,410,617,459,1002,488,1009,433
1528,615,410,616,458,1002,488,1009,434
1529,615,409,617,457,1001,484,1008,431
1530,615,410,618,457,1004,481,1012,426
1531,617,415,620,461,1003,481,1011,427
1532,616,412,618,458,1001,483,1010,428
1533,615,412,618,459,1003,483,1011,428
1534,616,414,618,460,1004,480,1012,427
1535,616,413,618,460,1004,482,1011,428
1536,616,413,618,459,1005,481,1013,427
1537,617,414,619,461,1003,482,1010,429
1538,617,412,620,459,1003,479,1010,425
1539,616,410,618,456,1003,480,1011,425
1540,616,414,618,461,1004,481,1011,427
1541,616,411,618,458,1003,479,1011,424
1542,617,413,619,460,1003,481,1011,428
1543,617,413,619,460,1002,480,1009,426
1544,616,412,618,457,1004,482,1012,427
1545,616,413,618,460,1004,482,1011,428
1546,617,410,619,458,1003,475,1010,421
1547,617,412,618,458,1003,481,1010,427
1548,615,412,617,458,1004,479,1012,426
1549,617,414,619,460,1002,483,1010,429
1550,617,413,618,460,1005,479,1011,425
1551,616,413,618,460,1002,481,1009,427
1552,616,410,619,457,1000,484,1007,431
1553,616,411,618,458,1003,483,1009,431
1554,616,411,618,460,1003,486,1009,434
1555,616,412,618,459,1002,487,1008,435
1556,616,414,619,460,1001,490,1009,437
1557,615,408,618,456,1002,482,1008,429
1558,616,415,618,461,1002,481,1010,426
1559,616,414,618,461,1003,481,1010,426
1560,616,409,618,458,1003,484,1010,431
1561,616,411,618,459,1003,479,1010,424
1562,616,413,619,461,1002,478,1009,424
1563,616,415,618,462,1004,482,1011,428
1564,616,416,619,462,1002,484,1009,430
1565,616,414,618,461,1003,481,1009,426
1566,616,413,618,460,1001,481,1008,426
1567,616,416,618,463,1003,483,1010,428
1568,617,415,619,462,1003,481,1010,426
1569,616,416,618,463,1002,483,1010,429
1570,615,416,617,463,1002,481,1009,427
1571,615,412,618,461,1002,486,1009,434
1572,616,416,618,463,1003,482,1010,429
1573,616,417,618,464,1002,482,1009,428
1574,616,411,619,458,999,489,1007,436
1575,616,412,619,459,1002,488,1009,435
1576,615,410,618,458,1000,487,1008,433
1577,615,411,618,459,1002,487,1009,434
1578,616,415,618,462,1004,480,1011,426
1579,616,409,619,457,1002,486,1008,432
1580,616,407,619,455,1000,486,1007,432
1581,616,415,618,462,1004,480,1011,427
1582,616,414,618,460,1003,481,1010,427
1583,616,416,619,463,1003,482,1011,428
1584,614,409,618,459,1000,487,1007,433
1585,616,412,618,460,1003,480,1010,424
1586,615,416,617,464,1003,483,1010,428
1587,615,416,618,463,1003,483,1010,428
1588,615,417,618,465,1002,483,1009,428
1589,616,419,619,467,1001,482,1008,428
1590,616,415,619,463,1002,486,1009,430
1591,616,415,619,463,1002,484,1009,427
1592,616,415,619,463,1003,483,1010,427
1593,616,416,620,463,1004,484,1011,428
1594,617,417,621,466,1004,483,1011,427
1595,616,416,619,465,1003,486,1009,429
1596,617,416,620,465,1003,484,1010,427
1597,617,419,620,467,1004,486,1011,430
1598,616,419,619,468,1004,488,1011,432
1599,617,419,620,468,1003,489,1010,432
1600,616,420,620,470,1004,487,1010,430
1601,618,418,621,468,1004,490,1011,433
1602,616,416,619,466,1003,485,1010,428
1603,616,421,620,470,1004,492,1012,434
1604,616,421,619,470,1002,489,1010,432
1605,616,420,620,471,1004,489,1012,432
1606,616,419,620,469,1004,488,1011,431
1607,614,419,619,469,1003,487,1010,430
1608,615,418,619,467,1004,487,1010,428
1609,617,418,621,468,1003,491,1010,433
1610,615,414,619,465,1004,487,1010,430
1611,614,415,618,466,1003,489,1010,432
1612,614,415,617,465,1004,494,1011,436
1613,613,412,616,463,1004,487,1011,430
1614,613,414,616,464,1003,491,1010,435
1615,614,418,618,467,1003,494,1010,437
1616,614,416,618,467,1003,491,1010,435
1617,613,414,617,464,1003,491,1010,434
1618,613,415,616,466,1005,488,1011,432
1619,613,417,616,467,1004,491,1010,434
1620,614,421,619,472,1005,490,1011,433
1621,613,423,617,474,1003,490,1010,434
1622,614,421,619,471,1003,493,1010,436
1623,615,422,619,472,1003,492,1009,436
1624,613,421,617,471,1004,492,1010,436
1625,614,423,619,473,1003,495,1011,438
1626,615,422,619,472,1004,490,1010,434
1627,613,421,616,471,1002,493,1009,436
1628,614,425,619,476,1005,496,1011,440
1629,615,426,619,475,1003,485,1009,429
1630,612,423,616,473,1003,496,1009,439
1631,613,421,617,472,1003,492,1010,436
1632,614,428,618,476,1005,488,1011,432
1633,616,428,619,476,1003,488,1010,433
1634,613,420,617,470,1003,491,1010,434
1635,612,421,616,472,1002,493,1009,437
1636,613,422,618,472,1004,493,1011,436
1637,613,423,617,474,1004,494,1011,438
1638,613,421,618,472,1002,493,1009,436
1639,615,424,619,474,1003,485,1010,429
1640,614,423,618,473,1004,484,1010,428
1641,613,419,616,471,1003,493,1011,437
1642,614,422,618,473,1006,492,1012,436
1643,614,426,620,478,1005,497,1011,441
1644,613,424,618,475,1003,492,1010,436
1645,614,423,619,473,1003,489,1010,432
1646,614,421,618,471,1004,491,1011,434
1647,613,423,617,473,1004,491,1010,436
1648,614,421,618,472,1004,494,1011,438
1649,615,425,619,475,1004,491,1011,434
1650,614,423,617,472,1004,488,1011,431
1651,617,424,621,473,1004,492,1012,435
1652,614,424,619,474,1004,495,1011,438
1653,615,424,619,474,1004,492,1011,435
1654,613,421,618,472,1004,495,1011,439
1655,615,423,620,472,1003,491,1011,433
1656,614,426,619,475,1003,490,1011,433
1657,614,425,618,474,1003,492,1011,435
1658,614,423,619,472,1004,491,1012,434
1659,614,422,618,471,1003,488,1010,432
1660,614,424,618,472,1003,487,1011,431
1661,615,421,620,470,1003,489,1011,433
1662,615,423,619,472,1004,491,1012,433
1663,615,423,619,472,1004,489,1011,432
1664,614,422,618,472,1003,489,1011,433
1665,614,425,619,474,1004,491,1011,434
1666,614,423,618,473,1003,488,1010,431
1667,613,423,618,472,1002,489,1010,432
1668,615,421,619,472,1003,491,1010,435
1669,615,423,620,471,1004,489,1011,433
1670,614,423,618,472,1004,488,1010,431
1671,615,422,619,471,1004,489,1012,432
1672,613,423,617,473,1004,490,1011,433
1673,615,423,619,472,1004,490,1012,433
1674,614,422,618,472,1004,490,1011,434
1675,613,422,617,473,1003,495,1010,438
1676,614,424,618,473,1003,490,1011,433
1677,614,422,618,471,1004,491,1011,435
1678,614,425,618,475,1004,496,1011,439
1679,614,421,619,471,1002,494,1009,438
1680,615,422,618,471,1003,482,1008,427
1681,614,421,617,471,1004,488,1011,431
1682,614,425,618,476,1005,498,1012,441
1683,613,424,617,472,1004,489,1011,432
1684,614,425,618,474,1005,489,1012,433
1685,614,427,618,476,1003,492,1011,436
1686,615,429,620,477,1004,490,1011,434
1687,614,423,617,472,1003,489,1010,433
1688,614,427,619,476,1004,491,1011,434
1689,615,424,619,473,1003,492,1011,435
1690,614,425,618,474,1004,492,1011,436
1691,614,423,617,472,1004,493,1011,436
1692,613,423,618,473,1004,490,1011,434
1693,615,425,620,474,1004,491,1011,435
1694,614,425,618,473,1003,492,1011,435
1695,614,420,618,471,1005,494,1011,437
1696,614,423,618,473,1004,490,1011,433
1697,615,427,619,477,1004,491,1010,434
1698,614,426,618,477,1003,493,1011,435
1699,615,425,619,475,1004,492,1011,434
1700,615,427,619,477,1004,492,1010,434
1701,615,426,619,476,1003,494,1009,436
1702,615,424,619,474,1003,490,1010,433
1703,614,424,618,474,1003,489,1010,433
1704,614,421,620,472,1001,502,1010,443
1705,614,417,618,468,998,499,1007,440
1706,618,420,622,471,1000,497,1010,440
1707,618,416,622,467,1001,494,1011,438
1708,619,419,623,470,1000,493,1010,437
1709,618,420,622,472,998,495,1008,439
1710,619,418,623,469,999,492,1008,436
1711,618,424,623,474,998,498,1008,441
1712,618,423,623,473,998,493,1007,438
1713,617,423,621,472,998,496,1008,440
1714,618,421,623,470,998,493,1008,437
1715,619,425,624,474,997,497,1007,442
1716,616,423,621,472,997,495,1007,439
1717,619,423,624,472,998,495,1007,439
1718,618,421,623,471,997,495,1007,439
1719,618,420,623,469,996,497,1006,441
1720,619,418,622,467,996,496,1007,441
1721,617,426,622,476,996,500,1006,444
1722,619,426,624,474,995,500,1006,445
1723,619,422,623,470,998,497,1008,442
1724,618,421,622,470,997,497,1007,442
1725,619,423,624,471,997,497,1007,442
1726,620,423,625,470,996,496,1006,442
1727,619,422,624,470,996,496,1006,442
1728,618,421,623,470,996,498,1007,443
1729,618,423,623,471,997,497,1008,442
1730,618,421,623,470,996,498,1007,443
1731,617,423,622,471,996,498,1006,443
1732,616,421,622,471,997,497,1007,441
1733,616,419,621,467,997,497,1007,442
1734,620,420,625,468,996,497,1006,442
1735,617,423,622,471,996,502,1007,447
1736,619,424,623,472,995,500,1005,445
1737,619,424,623,472,995,502,1006,446
1738,616,422,621,472,995,502,1006,447
1739,616,425,621,474,996,500,1007,445
1740,617,426,622,476,996,502,1007,447
1741,618,425,622,473,995,502,1006,447
1742,616,426,621,474,995,501,1005,446
1743,617,423,620,471,996,501,1006,446
1744,616,422,619,471,995,499,1005,444
1745,616,427,622,475,997,498,1006,443
1746,615,422,621,471,997,499,1007,443
1747,616,425,622,473,996,501,1006,446
1748,617,428,622,476,995,499,1005,445
1749,617,424,622,473,998,498,1007,444
1750,620,425,625,473,1000,499,1010,444
1751,620,422,625,471,1000,501,1010,445
1752,621,428,627,476,999,500,1009,445
1753,618,424,622,472,999,498,1008,443
1754,620,427,625,475,999,501,1009,446
1755,620,429,625,478,1000,504,1010,449
1756,619,422,624,471,1000,499,1010,443
1757,621,425,626,473,1000,501,1009,445
1758,620,422,624,471,1000,498,1010,442
1759,620,424,625,472,1000,500,1010,444
1760,623,426,627,473,1000,500,1009,445
1761,620,429,626,478,999,501,1009,446
1762,620,427,624,475,1000,500,1009,445
1763,621,421,625,470,1000,497,1010,442
1764,622,426,626,474,1000,498,1009,443
1765,619,425,623,473,1000,500,1009,444
1766,622,432,628,479,999,502,1008,448
1767,619,426,623,473,998,504,1008,449
1768,621,425,625,473,999,500,1009,446
1769,620,428,624,476,1000,502,1009,447
1770,619,426,623,473,998,502,1008,447
1771,621,429,625,476,998,504,1008,449
1772,620,428,625,476,999,500,1009,445
1773,617,426,622,474,999,500,1009,445
1774,617,424,622,472,999,499,1009,444
1775,617,424,622,472,999,498,1009,443
1776,619,426,623,473,999,499,1009,444
1777,617,423,621,471,999,500,1008,445
1778,617,423,621,471,999,499,1009,443
1779,617,427,622,474,998,502,1008,447
1780,617,425,623,472,999,500,1009,445
1781,618,426,622,473,998,502,1008,447
1782,616,421,621,469,998,496,1007,441
1783,616,426,621,474,998,499,1007,444
1784,616,422,620,471,1000,497,1009,442
1785,618,424,622,472,998,501,1008,446
1786,617,423,622,471,999,498,1008,443
1787,617,427,622,474,998,497,1007,443
1788,617,425,622,474,998,499,1008,443
1789,616,422,621,471,999,497,1008,441
1790,619,426,623,474,999,497,1008,442
1791,616,426,621,474,998,500,1008,445
1792,617,428,622,477,999,502,1008,446
1793,616,429,622,477,998,500,1008,446
1794,618,428,624,475,999,500,1008,445
1795,617,427,622,475,998,499,1008,444
1796,619,426,624,475,1000,497,1009,443
1797,620,428,625,476,999,499,1009,445
1798,616,427,621,475,998,501,1007,446
1799,617,429,622,477,998,501,1008,447
1800,618,430,622,478,999,501,1008,446
1801,618,428,622,476,1000,498,1009,444
1802,618,429,622,476,999,498,1008,444
1803,619,427,623,475,999,498,1008,443
1804,618,427,622,474,999,496,1008,442
1805,618,426,623,474,999,501,1009,446
1806,619,427,624,475,1000,496,1009,442
1807,618,428,623,475,998,501,1008,447
1808,616,427,621,475,1000,496,1009,442
1809,618,430,624,478,999,503,1010,449
1810,617,429,622,477,999,501,1008,447
1811,619,428,624,475,1000,503,1010,448
1812,618,427,623,475,999,497,1009,442
1813,617,427,622,475,1000,497,1009,443
1814,618,428,622,476,1000,497,1009,444
1815,617,427,621,474,999,499,1008,445
1816,618,428,622,476,998,498,1008,445
1817,616,429,621,477,999,498,1008,443
1818,617,427,622,475,998,499,1008,445
1819,619,429,623,475,999,499,1008,445
